show_key,show_date,show_venue,show_city,show_state,show_country
002fis4,2002-04-13,"Five Points South Music Hall",Birmingham,AL,US
03ew2jg,2002-04-06,"The Georgia Theatre",Athens,GA,US
043urwo,2001-10-05,"Blind Pig","Ann Arbor",MI,US
0592wde,2002-11-09,"Gothic Theatre",Englewood,CO,US
06dgr2x,2007-10-05,"Barrymore Theatre",Madison,WI,US
06qbl0p,1998-06-06,"Smith's Olde Bar",Atlanta,GA,US
09cp0aq,2016-07-16,"Montage Mountain Performing Arts Center",Scranton,PA,US
0ao4s2i,2008-07-10,"Barrymore Theatre",Madison,WI,US
0bw6a44,2017-09-09,"Red Rocks Amphitheatre",Morrison,CO,US
0chljs8,2001-03-31,Palookaville,"Santa Cruz",CA,US
0ct4zuc,2001-06-15,"Mystic Theatre",Petaluma,CA,US
0df54tf,2000-02-26,"14 Below","Santa Monica",CA,US
0e9xvhv,2001-08-25,"Indigo Events Center",Oakland,CA,US
0ee5jsi,2012-06-29,"Double JJ Ranch",Rothbury,MI,US
0ezistf,2013-02-22,"The Showbox SoDo",Seattle,WA,US
0fanogl,2007-09-25,"Higher Ground Music Hall","South Burlington",VT,US
0j05noq,2003-02-08,"Music Farm",Charleston,SC,US
0kx7hpa,2006-09-28,"Higher Ground Music Hall","South Burlington",VT,US
0kzftbu,2014-10-16,"State Theatre",Portland,ME,US
0m4p75b,2006-04-18,"Workplay Theater",Birmingham,AL,US
0mo2vp5,2014-08-30,"Union Park",Chicago,IL,US
0mtfo6b,2015-02-13,"Belly Up",Aspen,CO,US
0n1p7r1,2008-01-22,"Wilma Theatre",Missoula,MT,US
0n75mt1,2009-07-04,"Double JJ Ranch",Rothbury,MI,US
0ozemj8,2000-11-07,"Paramount Theatre",Seattle,WA,US
0p05psi,2003-02-13,"La Zona Rosa",Austin,TX,US
0p9osvu,2014-05-16,"The Hangout","Gulf Shores",AL,US
0u2e4r8,2001-03-16,"Bluebird Theater",Denver,CO,US
0u532a1,2001-10-08,"The Canopy Club",Urbana,IL,US
0up9bds,2005-02-25,"9:30 Club",Washington,DC,US
0vme70r,1999-01-20,"Red Lion Pub",Augusta,GA,US
0vqc8en,2013-10-31,"Austin Music Hall",Austin,TX,US
10kwejq,2005-09-18,"Black Oak Ranch",Laytonville,CA,US
10lrsc2,2015-11-19,"Joy Theater","New Orleans",LA,US
10zeolp,2008-11-09,Headliners,Louisville,KY,US
11mm0df,2001-09-19,Ziggy's,"Winston Salem",NC,US
11waxqb,2013-05-24,"Three Sisters Park",Chillicothe,IL,US
130uloe,2011-12-31,Tabernacle,Atlanta,GA,US
14og624,1999-09-05,Unknown,Atlanta,GA,US
14upa1p,2003-02-12,"Varsity Theatre","Baton Rouge",LA,US
15k48wj,2013-04-23,"Greenfield Amphitheatre",Wilmington,NC,US
15pz3oy,2007-09-14,"La Zona Rosa",Austin,TX,US
16yns4e,2017-04-30,"Joy Theater","New Orleans",LA,US
17rw1sa,2015-09-12,"Red Rocks Amphitheatre",Morrison,CO,US
18dsc3x,2004-01-29,"Telluride Conference Center","Mountain Village",CO,US
18yagxb,2000-10-26,"Bluebird Theater",Denver,CO,US
19f3xma,2004-03-07,"The Social",Orlando,FL,US
1ad3xzj,2000-09-09,"The Georgia Theatre",Athens,GA,US
1ava74j,2001-03-03,"Double Diamond",Aspen,CO,US
1ba908q,2012-04-27,"Ballroom at Mardi Gras World","New Orleans",LA,US
1dr8g13,2001-11-06,"University of Idaho",Moscow,ID,US
1e8nnz7,2005-03-30,"The Orange Peel",Asheville,NC,US
1efc1mf,2000-03-03,Lasalles,Chico,CA,US
1jli8w6,2007-04-25,"New Daisy Theatre",Memphis,TN,US
1jq5tvt,2005-10-01,"Asagiri Arena",Fujinomiya,NULL,JP
1kwdlb1,2009-01-31,"Bowery Ballroom","New York",NY,US
1lmneps,2016-04-08,"Carson Creek Ranch",Austin,TX,US
1mzse1d,2003-06-22,"Fox Theatre",Boulder,CO,US
1ocx50v,2011-04-23,"The Pageant","St. Louis",MO,US
1oy737q,2012-12-19,"Mayan Holidaze",Tulum,ROO,MX
1p9ljz7,2000-02-12,Zydeco,Birmingham,AL,US
1qakith,2000-11-03,"Starfish Room",Vancouver,BC,CA
1rkfeje,2012-01-21,"Congress Theater",Chicago,IL,US
1sqd7i9,2007-03-17,"The Boulder Theatre",Boulder,CO,US
1t6cved,2005-02-23,"The Roxy",Boston,MA,US
1vi03g8,2002-03-16,"House of Blues",Chicago,IL,US
1w2mdrk,2011-10-02,"The Canopy Club",Urbana,IL,US
1w9x8q8,2000-10-03,Crowbar,"State College",PA,US
1z79h26,2010-08-21,"Aragon Ballroom",Chicago,IL,US
21g0zrn,2002-05-16,"The Fillmore","San Francisco",CA,US
21jz2qp,2010-08-12,"Roseland Ballroom","New York",NY,US
21pz639,2013-03-15,"Riverside Theater",Milwaukee,WI,US
21vusur,2004-09-10,"The Georgia Theatre",Athens,GA,US
2296tuk,1999-04-08,"The Georgia Theatre",Athens,GA,US
2376ve1,2001-09-27,"Higher Ground",Winooski,VT,US
24hmqff,2017-09-29,"Garcia's at The Capitol Theatre","Port Chester",NY,US
24xb09m,2015-06-19,"Sonic Bloom","South Park",CO,US
259suwo,2007-04-26,Headliners,Louisville,KY,US
25pdd2i,2017-04-12,"Cain's Ballroom",Tulsa,OK,US
26iukdf,2008-07-18,"The Lawn at White River State Park",Indianapolis,IN,US
2740qqd,2013-04-25,"The Beacham",Orlando,FL,US
28a8xu1,2010-05-29,"Three Sisters Park",Chillicothe,IL,US
28of6tw,1999-10-31,"Infinity Theater",Atlanta,GA,US
298ylyu,2000-03-15,"Alligator Lounge",Breckenridge,CO,US
2cmya0l,2008-01-31,"The Canopy Club",Urbana,IL,US
2dk96bi,2001-04-22,"Little Turniptown Overnight Jam",Ellijay,GA,US
2hin5jv,2017-12-31,"The Warfield","San Francisco",CA,US
2jse890,2000-02-24,"Mogollon Brewing Company",Flagstaff,AZ,US
2kdmjaa,2003-03-26,"Crystal Ballroom",Portland,OR,US
2m2uuo3,2015-10-28,"House of Blues",Cleveland,OH,US
2p2gvwd,1999-01-27,"Red Lion Pub",Augusta,GA,US
2q8vasa,2002-09-14,"Trocadero Theatre",Philadelphia,PA,US
2rnwyip,2001-08-11,"Butternut Basin Ski Area","Great Barrington",MA,US
2sb8026,2003-03-06,"Visulite Theatre",Charlotte,NC,US
2smcb1n,2001-09-13,"House of Blues","New Orleans",LA,US
2tcgnyr,2000-03-22,Cicero's,"University City",MO,US
2w2f9c3,2008-07-19,"Charter One Pavilion",Chicago,IL,US
2xpcodc,2000-03-11,"Boot Pub",Whistler,BC,CA
2zbuil4,2012-07-05,"Plumas-Sierra County Fairgrounds",Quincy,CA,US
2zr6oem,2016-02-11,"The Canopy Club",Urbana,IL,US
304slh2,1999-12-02,Tipitina's,"New Orleans",LA,US
30p4hr5,2000-05-05,"Jack Legs",Nashville,TN,US
33rhibh,1999-02-10,Pounder's,Tuscaloosa,AL,US
35gcw2m,2009-10-28,"Tennessee Theatre",Knoxville,TN,US
36qy04j,2000-07-07,"Snake and Weasel",Portland,OR,US
38t007g,2010-09-11,"Red Rocks Amphitheatre",Morrison,CO,US
3948res,2014-10-31,"War Memorial Auditorium",Nashville,TN,US
397dc9q,2009-10-02,"Stubb's Bar-B-Q",Austin,TX,US
398l1ea,2003-05-30,"Moose River Amphitheatre And Campground",Lyonsdale,NY,US
3bmfwg9,2005-06-03,"The Masquerade",Atlanta,GA,US
3etfbad,2005-12-29,Tabernacle,Atlanta,GA,US
3f18qgi,2000-05-04,"Jacob's Ladder",Chattanooga,TN,US
3fd7fke,2001-09-18,"Asheville Music Zone",Asheville,NC,US
3guh1jf,2016-02-10,"Liberty Hall",Lawrence,KS,US
3i4mav4,2015-10-30,"Stage AE",Pittsburgh,PA,US
3ilsus4,2010-03-17,"Mr. Small's Theatre",Millvale,PA,US
3kcg5n4,2016-01-28,"Harrah's Lake Tahoe",Stateline,NV,US
3nna6b0,2001-04-28,"Howlin' Wolf","New Orleans",LA,US
3pbavu5,2000-03-17,"The Tulagi",Boulder,CO,US
3pumu8w,2009-08-08,"House of Blues",Chicago,IL,US
3qka1ge,2017-09-27,"State Theatre",Portland,ME,US
3qzj2e6,2011-09-09,"Red Rocks Amphitheatre",Morrison,CO,US
3r7ckbw,2016-08-05,"Legend Valley Concert Venue and Campground",Thornville,OH,US
3s2p16z,2006-02-03,"The Pageant","St. Louis",MO,US
3t0xa9a,2006-09-18,"House of Blues",Cleveland,OH,US
3td3f0m,2003-12-12,"Historic Ashland Armory",Ashland,OR,US
3tf05tp,2011-01-01,"Belly Up",Aspen,CO,US
3trcdk1,2000-08-01,"Maritime Hall","San Francisco",CA,US
3uil19b,2000-10-05,"The Haunt",Ithaca,NY,US
3wc25bo,2007-02-15,"Galaxy Theatre","Santa Ana",CA,US
3xwnlik,2003-11-15,"Civic Auditorium","Santa Cruz",CA,US
3ytqj28,2003-06-01,"Toad's Place","New Haven",CT,US
3yvw7ec,2016-02-14,"House of Blues",Chicago,IL,US
3znvkxx,2013-08-23,"Riverfront Park",Nashville,TN,US
4014qu9,2012-01-26,"Mayan Holidaze",Tulum,ROO,MX
408q2oq,2015-11-18,"Iron City",Birmingham,AL,US
43emic1,2001-03-06,"San Juan Room",Durango,CO,US
444em9l,2016-11-10,"The Fillmore Silver Spring","Silver Spring",MD,US
45hvmf7,2010-08-18,"Saranac Brewery",Utica,NY,US
46y8ogn,2005-10-20,"Higher Ground Music Hall","South Burlington",VT,US
47fgpq9,2013-08-29,"Maymont Park",Richmond,VA,US
48vi9rq,2009-03-06,"Roseland Theater",Portland,OR,US
492feyn,2016-10-30,"City Park","New Orleans",LA,US
49deip1,2008-10-22,"The Catalyst","Santa Cruz",CA,US
49ungf1,2001-11-10,"Club West",Eureka,CA,US
49yp6np,2006-02-18,"The Catalyst","Santa Cruz",CA,US
4bjx9d2,2007-08-25,"Nihon Cycle Sports Center",Izu,NULL,JP
4fknqe6,2000-10-24,"San Juan Room",Durango,CO,US
4fmyjdt,2005-02-15,"The Vogue",Indianapolis,IN,US
4fp06kv,2001-10-14,"Ya-Ka-Ama Native American Reservation","Santa Rosa",CA,US
4fyh4po,2012-12-17,"Mayan Holidaze",Tulum,ROO,MX
4gz42rd,2016-02-06,"Fillmore Auditorium",Denver,CO,US
4i2j9qi,2016-02-05,"Fillmore Auditorium",Denver,CO,US
4ilsocn,2017-02-03,"Aragon Ballroom",Chicago,IL,US
4jc002l,2003-12-09,"Arcata Community Center",Arcata,CA,US
4l5p7fz,2001-11-08,"Crystal Ballroom",Portland,OR,US
4mqtqnf,2003-03-07,"The Georgia Theatre",Athens,GA,US
4mzw8zk,2006-03-16,"Jazz Cafe",London,NULL,EN
4nvoov2,2005-10-13,"9:30 Club",Washington,DC,US
4pf5joc,2014-10-23,"The National",Richmond,VA,US
4pjkglb,2010-03-18,"Madison Theater",Covington,KY,US
4q1ose0,2010-03-12,"The NorVa",Norfolk,VA,US
4qupeuk,2008-02-02,"The Pageant","St. Louis",MO,US
4qxvoyu,2011-09-24,"Spirit of the Suwannee Music Park","Live Oak",FL,US
4r2usz0,2013-08-31,"Bank of America Pavilion",Boston,MA,US
4selu7b,1999-03-26,"Proud Larry's",Oxford,MS,US
4t9drbv,2008-10-31,"Stubb's Bar-B-Q",Austin,TX,US
4u1sc63,2017-02-04,"Aragon Ballroom",Chicago,IL,US
4uwmpmh,2010-09-10,"Red Rocks Amphitheatre",Morrison,CO,US
4uxp146,2000-06-30,"Plumas-Sierra County Fairgrounds",Quincy,CA,US
4y87aoa,2000-03-04,"Club Cocodrie","San Francisco",CA,US
4za81vy,2002-04-27,"Bash on Ash",Tempe,AZ,US
4zxcaz5,2003-02-22,"Saint Andrew's Hall",Detroit,MI,US
50d4dto,2000-01-29,Rafters,Boone,NC,US
50vxvsp,2008-08-22,"McMenamins Historic Edgefield Manor",Troutdale,OR,US
526uh6g,2009-10-09,"Eagles Ballroom",Milwaukee,WI,US
52vqa3m,2007-09-16,"Zilker Park",Austin,TX,US
52z8fr7,2010-08-25,"Raleigh Amphitheatre",Raleigh,NC,US
544ughg,2007-03-08,Revolution,"Fort Lauderdale",FL,US
5646l1x,2002-03-02,"The Catalyst","Santa Cruz",CA,US
56cnaut,2007-07-07,Deerfields,"Horse Shoe",NC,US
5aohbru,2010-02-27,"Marquee Theatre",Tempe,AZ,US
5cbqoyo,2001-05-18,"The Canopy Club",Urbana,IL,US
5cvdp50,2008-10-29,"Cain's Ballroom",Tulsa,OK,US
5dab0rb,2000-09-02,Cumberland's,Charleston,SC,US
5ebjtz6,2002-12-31,"The Grand Ballroom at the Regency Center","San Francisco",CA,US
5egqbps,1999-07-25,"Raven's Farm","Round Mountain",NC,US
5fitqf4,2009-03-14,"The Pageant","St. Louis",MO,US
5g4qya0,2015-10-17,"Treasure Island","San Francisco",CA,US
5hgp64j,2000-02-17,"Liquid Lounge",Dallas,TX,US
5hle61o,2012-08-25,"The Mountain Winery",Saratoga,CA,US
5hr6qkt,2000-07-18,"Mystic Hot Springs","Monroe Meadows",UT,US
5hth1hn,2015-11-13,"Tennessee Theatre",Knoxville,TN,US
5i8f1h9,2006-09-22,"9:30 Club",Washington,DC,US
5ol5l4i,2008-12-29,Tabernacle,Atlanta,GA,US
5or6xj1,2005-03-29,"The Orange Peel",Asheville,NC,US
5piq4gy,2013-03-12,"Liberty Hall",Lawrence,KS,US
5rwkidr,2002-10-19,"The Fillmore","San Francisco",CA,US
5s5nv37,2002-09-28,"Zilker Park",Austin,TX,US
5sry6o3,2014-12-05,"Breathless Punta Cana Resort & Spa","Punta Cana",NULL,DR
5stbn3c,2004-01-30,"Dobson Ice Arena",Vail,CO,US
5ufi7eb,2001-09-21,"Starr Hill Music Hall",Charlottesville,VA,US
5uzbw8s,2006-04-13,"Warehouse Live",Houston,TX,US
5vggn9v,2010-12-30,"Fillmore Auditorium",Denver,CO,US
5vj8pli,2000-04-21,"Little Turniptown Overnight Jam",Ellijay,GA,US
5w16g4i,2002-09-28,"La Zona Rosa",Austin,TX,US
5y57qg9,2007-09-27,Avalon,Boston,MA,US
60cw4rl,2002-03-30,"Trocadero Theatre",Philadelphia,PA,US
61as97h,2013-12-29,Tabernacle,Atlanta,GA,US
62npzu6,2011-04-21,"The Classic Center Theatre",Athens,GA,US
641qlqi,2004-06-17,"Clinton Lake State Park",Lawrence,KS,US
64neze7,2001-06-30,Palookaville,"Santa Cruz",CA,US
64zufqg,2003-10-03,Deerfields,"Horse Shoe",NC,US
6563s1i,2016-02-03,"Belly Up",Aspen,CO,US
6806nvy,2001-02-27,"Cellar Lounge","Steamboat Springs",CO,US
6acagmm,2006-10-06,"Jannus Landing","St. Petersburg",FL,US
6aecsfc,2013-04-16,"Town Ballroom",Buffalo,NY,US
6aikj7i,2006-04-10,"Orpheum Theater",Flagstaff,AZ,US
6atouro,2006-10-05,Revolution,"Fort Lauderdale",FL,US
6cu0tq5,2012-01-20,"Congress Theater",Chicago,IL,US
6eqmyu4,2003-07-05,"Plumas-Sierra County Fairgrounds",Quincy,CA,US
6ha2iot,2006-04-14,"Stubb's Bar-B-Q",Austin,TX,US
6hgcldu,2004-10-29,"The Fillmore","San Francisco",CA,US
6hjwlgj,2008-11-07,"Alabama Theatre",Birmingham,AL,US
6iat8fq,2013-12-31,Tabernacle,Atlanta,GA,US
6mcz5qe,2013-08-24,"Verizon Wireless Amphitheatre at Encore Park",Alpharetta,GA,US
6nfbey6,2017-07-09,"Chalice California","San Bernardino",CA,US
6o822n0,2009-07-17,"Indian Lookout Country Club",Mariaville,NY,US
6rb6uiv,2005-10-06,Casanova,Makawao,HI,US
6ri1oup,2001-05-21,"Bluebird Nightclub",Bloomington,IN,US
6s3n1a0,2008-07-30,"House of Blues","North Myrtle Beach",SC,US
6sf1n70,2001-11-03,"The Fillmore","San Francisco",CA,US
6sx8rqz,2004-04-05,"Higher Ground",Winooski,VT,US
6tpsilh,2007-09-07,"Red Rocks Amphitheatre",Morrison,CO,US
6u22axq,2014-11-07,"House of Blues",Dallas,TX,US
6urg703,2006-04-12,"Gypsy Tea Room",Dallas,TX,US
6vow72p,2000-01-20,"Jack Legs",Nashville,TN,US
6y0gwax,2016-08-27,"Verizon Wireless Amphitheatre at Encore Park",Alpharetta,GA,US
7026t1n,2006-02-11,"House of Blues",Chicago,IL,US
719o6f2,2016-01-01,Tabernacle,Atlanta,GA,US
71a022i,2003-03-08,"The Georgia Theatre",Athens,GA,US
72ph9hm,2008-07-11,"Soldiers Memorial Park","St. Louis",MO,US
73cuumu,2004-04-29,"Workplay Theater",Birmingham,AL,US
775awo1,2014-10-24,"Tennessee Theatre",Knoxville,TN,US
7911dor,2004-03-05,"Freebird Live","Jacksonville Beach",FL,US
798khbf,2012-04-20,"The Fox Theater",Oakland,CA,US
79fit6q,2001-04-30,"House of Blues","New Orleans",LA,US
79qf115,2010-03-04,"The Lyric Theatre",Oxford,MS,US
7bgikm7,2012-04-28,"Apache Pass",Rockdale,TX,US
7ct0rek,2001-03-08,"Idle Spur","Crested Butte",CO,US
7dp75kp,2001-10-03,"Tralf Music Hall",Buffalo,NY,US
7e3da95,2000-03-24,"Blind Pig","Ann Arbor",MI,US
7ee7hfa,2014-11-06,"Cain's Ballroom",Tulsa,OK,US
7fd1qpl,2000-03-16,"Bluebird Theater",Denver,CO,US
7ictxba,2001-03-10,"Fly Me to the Moon Saloon",Telluride,CO,US
7icz3qv,2003-10-31,Tabernacle,Atlanta,GA,US
7kz69kr,2002-04-04,"Music Farm",Charleston,SC,US
7on6alh,2000-05-21,"Unity Festival",Summertown,TN,US
7own3o5,2008-07-05,"Double JJ Ranch",Rothbury,MI,US
7p1fztx,2014-10-17,"Best Buy Theater","New York",NY,US
7pm1klw,2014-06-05,"Mulberry Mountain",Ozark,AR,US
7r2v9lq,2000-03-28,"The Haunt",Ithaca,NY,US
7sp0a8q,2001-03-07,"San Juan Room",Durango,CO,US
7sweoln,2016-12-03,"Breathless Punta Cana Resort & Spa","Punta Cana",NULL,DR
7t1hrlp,2013-04-12,"Orpheum Theatre",Madison,WI,US
7t6h725,2012-06-16,"Red Rocks Amphitheatre",Morrison,CO,US
7vhhha9,2010-08-22,"Old Town School of Folk Music",Chicago,IL,US
7vkdqrv,2002-12-07,"El Rey Theatre","Los Angeles",CA,US
7xmi70v,2005-04-20,"Historic Ashland Armory",Ashland,OR,US
7xxysnl,2006-04-27,"Recher Theatre",Towson,MD,US
7y1f87a,2006-09-29,"Lupo's Heartbreak Hotel",Providence,RI,US
8088jre,2013-07-11,"Indian Lookout Country Club",Mariaville,NY,US
80dkyjp,2013-09-21,"Woodward Reservoir",Oakdale,CA,US
80fjavv,2014-06-27,"Double JJ Ranch",Rothbury,MI,US
80w1u6g,2001-05-19,"The Annex",Madison,WI,US
81qcdne,2017-12-28,"The Novo","Los Angeles",CA,US
82ol93l,2001-07-27,"Boot Pub",Whistler,BC,CA
82r9d63,2016-08-12,"Somerset Amphitheater",Somerset,WI,US
83w58vj,2016-01-24,"Wilma Theatre",Missoula,MT,US
85da89p,2005-02-04,"Fox Theatre",Boulder,CO,US
85y73tj,2004-04-02,"Vic Theatre",Chicago,IL,US
86atnyu,2013-04-19,"State Theatre",Portland,ME,US
86pdvqq,2005-06-16,"Clinton Lake State Park",Lawrence,KS,US
875rh7c,2013-08-21,"Crossroads KC","Kansas City",MO,US
8788xms,2007-10-02,"Mr. Small's Theatre",Millvale,PA,US
87a80nu,1999-06-04,"Wetlands Preserve","New York",NY,US
87mwhbj,2000-09-14,Rafters,Boone,NC,US
8ad1vbq,2017-08-04,"The Gorge Amphitheatre",George,WA,US
8ca4pz9,2002-10-18,"The Fillmore","San Francisco",CA,US
8cpr075,2002-08-16,Deerfields,"Horse Shoe",NC,US
8fbpup6,2000-04-01,"Recher Theatre",Towson,MD,US
8fc25su,2009-03-01,"The Fillmore","San Francisco",CA,US
8gp98lm,2007-05-25,"Studio Mezmor","New York",NY,US
8h1ncba,2005-04-06,"Cain's Ballroom",Tulsa,OK,US
8h5lo4c,2000-11-11,"Cafe Tomo",Arcata,CA,US
8h9anyw,2000-09-29,"The Middle East Upstairs",Cambridge,MA,US
8hmvgbt,2009-01-25,"Aggie Theatre","Fort Collins",CO,US
8i6hwq9,2008-09-06,"Red Rocks Amphitheatre",Morrison,CO,US
8k0rti0,2004-09-23,Exit/In,Nashville,TN,US
8l0c7ao,2001-04-01,"Starr Hill Music Hall",Charlottesville,VA,US
8ltlfym,2010-09-03,"River Parks Amphitheater",Tulsa,OK,US
8mte4lz,2002-05-18,"Patten Gym",Evanston,IL,US
8ofu17c,2013-04-21,"The National",Richmond,VA,US
8ozo22k,2006-01-30,Level'z,"Steamboat Springs",CO,US
8qtnoa7,2000-07-22,"Great American Music Hall","San Francisco",CA,US
8t22s0d,2004-06-10,"Tasty World",Athens,GA,US
8t4s305,2000-11-13,Lasalles,Chico,CA,US
8tbag02,2001-11-09,"Midtown Ballroom",Bend,OR,US
8upkuko,2001-04-20,"The Georgia Theatre",Athens,GA,US
8weiirc,2009-03-05,"McDonald Theatre",Eugene,OR,US
8x5m2dd,2011-10-07,"Newport Music Hall",Columbus,OH,US
8yazrmg,2013-04-14,"Stage AE",Pittsburgh,PA,US
8ykrtdf,2001-04-12,"Galaxy Theatre","Santa Ana",CA,US
911kh08,2014-10-29,"Track 29",Chattanooga,TN,US
95pmf4q,2017-04-29,"Joy Theater","New Orleans",LA,US
9630agh,2005-03-25,"Eden Roc Miami Beach Hotel","Miami Beach",FL,US
96buu7o,2010-06-29,"Henry Maier Festival Park",Milwaukee,WI,US
96eywws,2000-05-12,"The Handlebar",Greenville,SC,US
98dxsl3,2003-10-05,"State Theatre","Falls Church",VA,US
99cv7u2,2005-01-09,"Jam Cruise","Fort Lauderdale",FL,US
99tgip6,2002-10-26,"House of Blues",Chicago,IL,US
99yok75,2006-03-19,"Melkweg The Max",Amsterdam,NULL,NL
9cguual,2011-01-22,"Mayan Holidaze",Tulum,ROO,MX
9d1hru1,2008-11-05,"The Lyric Theatre",Oxford,MS,US
9ec06pe,2000-10-07,Milestones,Rochester,NY,US
9fsurhl,2017-10-06,"Ascend Amphitheater",Nashville,TN,US
9g7g1ua,2006-09-16,"Congress Theater",Chicago,IL,US
9hmmf8c,2005-06-04,"The Masquerade",Atlanta,GA,US
9i6w7yk,2009-01-30,"The Note","West Chester",PA,US
9ja2v2d,2014-11-22,"The Fox Theater",Oakland,CA,US
9jkw28d,2007-08-03,"House of Blues",Chicago,IL,US
9js6vbu,2010-02-11,"House of Blues","San Diego",CA,US
9k8log1,2010-08-20,"House of Blues",Chicago,IL,US
9mym7yy,2002-03-26,"State Theatre","Falls Church",VA,US
9o3bv5e,2001-10-06,"House of Blues",Chicago,IL,US
9qxwe0j,2007-07-06,Deerfields,"Horse Shoe",NC,US
9rtyvej,2007-04-28,"Tennessee Theatre",Knoxville,TN,US
9s9t6i4,2015-10-22,"First Avenue",Minneapolis,MN,US
9udg32d,2012-04-21,"The Fox Theater",Oakland,CA,US
9upooa1,2004-03-26,"Gypsy Tea Room",Dallas,TX,US
9vjnkc1,2012-06-17,"The Boulder Theatre",Boulder,CO,US
9vx0rq9,2012-01-28,"Mayan Holidaze",Tulum,ROO,MX
9wrk85f,2016-10-26,"Mercury Ballroom",Louisville,KY,US
9ws4rhm,2009-10-08,"First Avenue",Minneapolis,MN,US
9ywnnmu,2013-04-13,"The Fillmore Detroit",Detroit,MI,US
9z8fubd,2014-10-09,"Egyptian Room at Old National Centre",Indianapolis,IN,US
a0exw9a,2008-08-18,"Camp Bisco",Mariaville,NY,US
a0getjx,2001-09-23,"Trocadero Theatre",Philadelphia,PA,US
a0xoxj6,2007-09-29,"Nokia Theatre Times Square","New York",NY,US
a21v6n6,2015-01-01,"Fillmore Auditorium",Denver,CO,US
a3pqhr0,2007-02-21,"Mateel Community Center",Redway,CA,US
a7xcbry,1999-10-26,"The Covered Dish",Gainesville,FL,US
a9436ew,2013-03-23,"The Orange Peel",Asheville,NC,US
a9dw5kb,2006-04-19,"New Daisy Theatre",Memphis,TN,US
a9psamd,2011-10-23,"The Jefferson Theater",Charlottesville,VA,US
aafre3z,2005-10-19,"Higher Ground Music Hall","South Burlington",VT,US
abte8bu,2010-03-06,"House of Blues",Dallas,TX,US
aea81g5,2007-04-21,"City Hall",Nashville,TN,US
aeprcma,2014-12-03,"Breathless Punta Cana Resort & Spa","Punta Cana",NULL,DR
ag2lnsa,2014-10-22,"The Jefferson Theater",Charlottesville,VA,US
agnlguq,2005-02-16,"Mr. Small's Theatre",Millvale,PA,US
agrnyzy,2010-01-02,Revolution,"Fort Lauderdale",FL,US
agrwbwg,2006-09-15,"First Avenue",Minneapolis,MN,US
agyn9tl,2015-11-21,"House of Blues",Dallas,TX,US
ahjygg3,2010-03-13,"9:30 Club",Washington,DC,US
ai8qyh2,2000-11-04,"Boot Pub",Whistler,BC,CA
aiydq1i,2002-04-08,"The Palace",Gainesville,FL,US
ajn7eyx,2006-05-04,"Mr. Small's Theatre",Millvale,PA,US
ajo2rc2,2010-02-19,"Crystal Ballroom",Portland,OR,US
amz42pk,2017-09-21,Echostage,Washington,DC,US
anaheda,2004-09-17,"Pearl Street",Northampton,MA,US
ap15t6x,2014-10-30,"Iron City",Birmingham,AL,US
apo0uqw,2005-02-22,"Toad's Place","New Haven",CT,US
aq75p5q,2015-11-06,"House of Blues",Boston,MA,US
arjsitv,2000-09-28,"Ocean Mist",Matunuck,RI,US
arwqngb,2002-05-24,"Differ Ariake",Tokyo,NULL,JP
as3uliq,2014-09-05,"Red Rocks Amphitheatre",Morrison,CO,US
assrc3j,2007-04-18,"Soul Kitchen",Mobile,AL,US
ategwo3,2011-10-06,"House of Blues",Cleveland,OH,US
aufzb0m,2001-12-31,"Fox Theatre",Boulder,CO,US
avbacg8,2011-09-08,"Ogden Theatre",Denver,CO,US
ax927hp,2004-04-03,Bogart's,Cincinnati,OH,US
axc728t,2004-06-18,"Clinton Lake State Park",Lawrence,KS,US
aybtdfq,2015-12-05,"Breathless Punta Cana Resort & Spa","Punta Cana",NULL,DR
b5gwkvo,2001-07-18,"River Ranch Lodge","Tahoe City",CA,US
b5zqegf,2000-07-04,"Squaw Valley Ski Resort","South Lake Tahoe",CA,US
b6uiu0d,2002-12-05,"The Catalyst","Santa Cruz",CA,US
b8ktlye,2013-02-23,"McDonald Theatre",Eugene,OR,US
b8o121u,2013-12-28,Tabernacle,Atlanta,GA,US
b8oi11r,2001-04-24,"Brick City Music Hall",Gainesville,FL,US
b9b6jyo,2005-03-23,"Pawn Shop Lounge","Miami Beach",FL,US
b9bxo08,2000-10-30,"The Zebra",Bozeman,MT,US
b9iba6y,2003-05-02,"The Meadow at Piedmont Park",Atlanta,GA,US
baqja86,2007-02-22,"Crystal Ballroom",Portland,OR,US
bbr5wvu,2002-03-09,"Fillmore Auditorium",Denver,CO,US
bcd2ahc,2013-02-27,"The Senator Theatre",Chico,CA,US
bclz3vl,2004-04-06,"Toad's Place","New Haven",CT,US
bcqaeia,2006-04-08,"House of Blues","West Hollywood",CA,US
bd5vdp5,2008-05-16,"House of Blues","West Hollywood",CA,US
bdyc99l,2017-09-08,"Red Rocks Amphitheatre",Morrison,CO,US
bfwrshd,2006-09-27,"Higher Ground Music Hall","South Burlington",VT,US
bfy0zmm,2017-04-14,"Riverside Theater",Milwaukee,WI,US
bgrff42,2003-03-25,"Wild Duck Inn",Eugene,OR,US
bhnpydy,2006-04-26,"The Roxy",Boston,MA,US
bi858up,2013-11-02,"Spirit of the Suwannee Music Park","Live Oak",FL,US
bj24wwn,2012-09-01,"House of Blues",Chicago,IL,US
blgtoj6,2001-03-01,"Sherpa & Yeti's",Breckenridge,CO,US
blit184,2009-07-18,"Indian Lookout Country Club",Mariaville,NY,US
bloqcgn,2004-04-16,Exit/In,Nashville,TN,US
blunftf,2010-01-04,"Jam Cruise","Fort Lauderdale",FL,US
bm0hfgq,2004-04-07,"Northern Lights","Clifton Park",NY,US
bm1yzmp,2013-09-07,"Red Rocks Amphitheatre",Morrison,CO,US
bn8cpy6,2008-11-01,"House of Blues",Dallas,TX,US
bo3kt98,2008-07-23,"Higher Ground Music Hall","South Burlington",VT,US
bp8yvje,2010-02-21,Showbox,Seattle,WA,US
bpxbpi7,2006-02-04,"The Blue Note",Columbia,MO,US
bq47nxc,2014-03-28,"Margaret T. Hance Park",Phoenix,AZ,US
bqkgsme,2002-04-23,"The Mercury",Austin,TX,US
br9eq7n,2011-08-27,"Stubb's Bar-B-Q",Austin,TX,US
bsnseba,2002-07-04,"Plumas-Sierra County Fairgrounds",Quincy,CA,US
btf1uq2,2001-12-30,"Fox Theatre",Boulder,CO,US
buubkgk,2003-03-05,Ziggy's,"Winston Salem",NC,US
bv4on9e,2007-02-24,"McDonald Theatre",Eugene,OR,US
bx7z4hn,2000-03-02,"Moe's Alley","Santa Cruz",CA,US
bxcyc38,2007-10-27,"Sam Boyd Stadium","Las Vegas",NV,US
bz506q2,2010-08-27,Tabernacle,Atlanta,GA,US
c0q67vv,2016-12-31,"Fillmore Auditorium",Denver,CO,US
c0ts73q,2011-10-16,"The Westcott Theater",Syracuse,NY,US
c2nc482,2012-10-31,"Tower Theatre","Upper Darby",PA,US
c5qkrbp,2008-07-31,"Koka Booth Amphitheatre",Cary,NC,US
c5ret6p,2005-03-26,"Freebird Live","Jacksonville Beach",FL,US
c6r3edw,1999-09-28,Zydeco,Birmingham,AL,US
c85ig3f,2007-06-08,"Sonoma County Fairgrounds","Santa Rosa",CA,US
c890f2p,2015-02-15,"Belly Up",Aspen,CO,US
c8jc7ne,2014-07-11,"Winston Farm",Saugerties,NY,US
c8uguzu,2008-06-07,"Clinton Lake State Park",Lawrence,KS,US
c9ugxz9,2008-11-06,"War Memorial Auditorium",Nashville,TN,US
cb5kobg,1999-04-01,Tabernacle,Atlanta,GA,US
cbaeg9c,2002-04-16,Bogart's,Cincinnati,OH,US
cc532vn,2011-12-28,Tabernacle,Atlanta,GA,US
cc9b1v9,2003-06-03,"State Theatre",Portland,ME,US
cd5rq3p,1999-10-15,"Wetlands Preserve","New York",NY,US
cdfaiyd,2003-12-13,"Mystic Theatre",Petaluma,CA,US
cduxxat,2017-01-28,"ACL Live at The Moody Theater",Austin,TX,US
ce61iph,2010-09-05,"Crossroads KC","Kansas City",MO,US
cfwmxen,2002-04-17,"The Rave",Milwaukee,WI,US
cg1yo3m,2016-01-26,"Knitting Factory",Boise,ID,US
cigb7th,2012-07-21,"Seaside Park",Bridgeport,CT,US
cit7ri5,2015-06-05,"Mulberry Mountain",Ozark,AR,US
cj225na,2007-04-14,"Stubb's Bar-B-Q",Austin,TX,US
cjfi825,2007-09-19,"People's Court","Des Moines",IA,US
cmikxv1,2003-11-01,"The Georgia Theatre",Athens,GA,US
cn9ddwo,2005-01-21,"The Majestic Ventura Theater",Ventura,CA,US
cngr2ki,2006-06-11,"Clinton Lake State Park",Lawrence,KS,US
co1f57g,2006-01-31,"Belly Up",Aspen,CO,US
cohczld,2001-09-29,"Somerville Theatre",Somerville,MA,US
cp2wjor,2013-11-01,"Joy Theater","New Orleans",LA,US
cp8c8vc,2008-03-07,"Big Cypress Seminole Indian Reservation","Big Cypress Indian Reservation",FL,US
cpc2r5r,2000-12-23,"The Roxy",Atlanta,GA,US
cppghm1,2007-10-28,"House of Blues","Las Vegas",NV,US
crh48qb,2007-09-08,"Red Rocks Amphitheatre",Morrison,CO,US
cvlrrk9,2004-09-21,"Neighborhood Theatre",Charlotte,NC,US
cvyjrx9,2004-12-31,Tabernacle,Atlanta,GA,US
cw0v1cr,2013-08-30,"The Mann Center for the Performing Arts",Philadelphia,PA,US
cw65ol8,2012-10-27,"Fox Theater",Atlanta,GA,US
cwdl5z6,2006-04-29,"The Music Box at the Borgata","Atlantic City",NJ,US
cye7v9j,2015-11-01,"Spirit of the Suwannee Music Park","Live Oak",FL,US
cytmm9v,2014-10-12,"Orbit Room","Grand Rapids",MI,US
czmn8mt,2000-02-11,Pounder's,Tuscaloosa,AL,US
d01l8er,2017-09-30,"The Fillmore Philadelphia",Philadelphia,PA,US
d0o952m,2004-06-19,"Horning's Hideout","North Plains",OR,US
d2jcoq7,2000-05-11,"Be Here Now",Asheville,NC,US
d307q1m,2004-06-25,"Mishawaka Amphitheatre",Bellvue,CO,US
d3em3k3,2009-10-15,"Newport Music Hall",Columbus,OH,US
d3iiexe,2011-11-03,"House of Blues","New Orleans",LA,US
d49pdp6,2015-10-23,"Orpheum Theatre",Madison,WI,US
d4pj7l7,2016-08-26,Tabernacle,Atlanta,GA,US
d83f8zc,2008-01-19,"Roseland Theater",Portland,OR,US
d9nn32p,2003-02-18,"Barrymore Theatre",Madison,WI,US
db3xpy9,2004-12-30,Tabernacle,Atlanta,GA,US
dbm0b6q,2000-09-05,"Florida Theatre",Gainesville,FL,US
dc93rbq,2006-02-02,"Harrah's Voodoo Lounge","Kansas City",MO,US
ddf7cu6,2002-12-08,"Galaxy Theatre","Santa Ana",CA,US
ddhi3ss,2011-08-13,"The Independent","San Francisco",CA,US
ddun19k,2007-07-13,"Marvin's Mountaintop",Masontown,WV,US
dg8pwaj,2016-01-30,"Wiltern Theatre","Los Angeles",CA,US
dgsn9cr,2007-03-14,"The Boulder Theatre",Boulder,CO,US
dhh5qqw,2014-10-25,"Thomas Wolfe Auditorium",Asheville,NC,US
dk4i6e9,2007-10-31,"The Warfield","San Francisco",CA,US
dlr418o,2017-03-31,"Brooklyn Bowl","Las Vegas",NV,US
dlus7ma,2010-09-02,"Arkansas Music Pavilion",Fayetteville,AR,US
dmx5gts,2008-07-27,"Pier Six Concert Pavilion",Baltimore,MD,US
dna6uuy,2007-03-09,"Markham Park",Sunrise,FL,US
do44w6v,2010-10-30,"Stubb's Bar-B-Q",Austin,TX,US
dp2353z,2009-01-17,"Wiltern Theatre","Los Angeles",CA,US
dt0o2ee,2004-04-24,"State Theatre","Falls Church",VA,US
dtxhrpe,2009-02-27,"The Fillmore","San Francisco",CA,US
du28ogf,2003-06-21,"Mishawaka Amphitheatre",Bellvue,CO,US
duvcdyj,2017-09-02,"Union Park",Chicago,IL,US
dv565ou,2017-09-03,"Concord Music Hall",Chicago,IL,US
dwk91xe,2005-04-14,"House of Blues","West Hollywood",CA,US
dxeoag7,2005-07-24,"Grant Park",Chicago,IL,US
dxwzacl,2007-11-30,"The Catalyst","Santa Cruz",CA,US
dyhmxqa,2003-07-04,"Plumas-Sierra County Fairgrounds",Quincy,CA,US
dzpkh46,2005-04-23,"McDonald Theatre",Eugene,OR,US
e0xg2ie,2006-01-21,Showbox,Seattle,WA,US
e1cpgyx,2016-02-04,"Belly Up",Aspen,CO,US
e1go316,1999-12-03,Pounder's,Tuscaloosa,AL,US
e3kdvm4,2003-12-05,"Galaxy Theatre","Santa Ana",CA,US
e3qbieg,2003-12-10,"Roseland Theater",Portland,OR,US
e7z70u5,2002-03-12,"Granada Theater",Lawrence,KS,US
e833u3c,2001-07-15,"Club Sugar","Santa Monica",CA,US
ea4n8du,2003-03-04,"Recher Theatre",Towson,MD,US
earh5k7,2005-12-30,Tabernacle,Atlanta,GA,US
ecimmb2,1999-06-12,"Variety Playhouse",Atlanta,GA,US
ed5rg5h,2012-01-13,"Fillmore Auditorium",Denver,CO,US
ee13c7s,1999-10-01,"George Street Grocery",Jackson,MS,US
eel4gnq,1999-05-08,Ziggy's,"Winston Salem",NC,US
eezw3kb,2001-05-25,"Logan Square Auditorium",Chicago,IL,US
efk4vz5,2007-04-12,"Granada Theater",Dallas,TX,US
eh53i1q,2014-10-10,"Stage AE",Pittsburgh,PA,US
eiejymd,2009-10-17,"Town Ballroom",Buffalo,NY,US
ekrflm4,2005-04-09,"La Zona Rosa",Austin,TX,US
el1yhad,2000-05-13,"Jack Straws",Charlotte,NC,US
em05y5v,2007-04-27,"Thomas Wolfe Auditorium",Asheville,NC,US
enb0g8t,2004-07-02,"Plumas-Sierra County Fairgrounds",Quincy,CA,US
eogkux3,2007-03-16,"The Boulder Theatre",Boulder,CO,US
erd9trg,2004-04-26,"Neighborhood Theatre",Charlotte,NC,US
esr0yda,2010-03-07,"House of Blues","New Orleans",LA,US
et3krjx,1999-08-08,Tabernacle,Atlanta,GA,US
etg46fs,2013-08-11,"Somerset Amphitheater",Somerset,WI,US
etjtt2k,2005-04-01,"The Georgia Theatre",Athens,GA,US
euehplf,1999-04-30,"Wetlands Preserve","New York",NY,US
euprusb,2003-04-05,"Fillmore Auditorium",Denver,CO,US
euuf620,2003-02-26,"The Palladium",Worcester,MA,US
euuwz65,2010-08-17,"Higher Ground Music Hall","South Burlington",VT,US
ev29rkb,2005-04-04,"The Cannery Ballroom",Nashville,TN,US
evru067,2001-03-09,"Fly Me to the Moon Saloon",Telluride,CO,US
eyodng6,2013-05-30,"Mulberry Mountain",Ozark,AR,US
eyt6kqx,2006-01-28,"Fillmore Auditorium",Denver,CO,US
ez56rn5,2006-09-30,"Nokia Theatre Times Square","New York",NY,US
f0t8t45,2001-10-22,"Zephyr Club","Salt Lake City",UT,US
f0yxa8v,2010-09-09,"The Boulder Theatre",Boulder,CO,US
f1m7tqy,2001-07-06,"Plumas-Sierra County Fairgrounds",Quincy,CA,US
f1vi33u,2016-01-23,Showbox,Seattle,WA,US
f1vkvg4,2003-03-24,"Arcata Community Center",Arcata,CA,US
f2h9nva,2001-02-28,"Cellar Lounge","Steamboat Springs",CO,US
f32q65r,2002-11-08,"Fox Theatre",Boulder,CO,US
f4avhmh,2015-10-24,"The Fillmore Detroit",Detroit,MI,US
f7ki44q,2001-05-05,Ziggy's,"Winston Salem",NC,US
f7pdxfp,2005-05-13,"Cervantes Masterpiece Ballroom",Denver,CO,US
f8vqgs3,2003-02-19,"The Cabooze",Minneapolis,MN,US
farug9v,2001-09-22,Warsaw,Brooklyn,NY,US
fcvlvws,2005-08-12,"Club 8150",Vail,CO,US
fdx3tm6,2005-04-19,"Arcata Community Center",Arcata,CA,US
fdxff4z,2006-01-14,"The Fillmore","San Francisco",CA,US
fdyf67d,2004-09-15,"Water Street Music Hall",Rochester,NY,US
feizzvp,2013-03-02,"Hollywood Palladium",Hollywood,CA,US
fhbyxx8,2017-04-08,"The Observatory North Park","San Diego",CA,US
fhlxjj9,2001-12-29,"Club 8150",Vail,CO,US
fiaeg9o,2006-06-10,"Sonoma County Fairgrounds","Santa Rosa",CA,US
fiic5am,2010-03-19,"The Pageant","St. Louis",MO,US
fj96uj8,2001-12-21,Tabernacle,Atlanta,GA,US
fjp3z7o,2017-04-22,"The Fillmore",Charlotte,NC,US
fkfmreb,2010-08-28,"Verizon Wireless Amphitheatre at Encore Park",Alpharetta,GA,US
fkkq0t2,2000-10-27,"The Tulagi",Boulder,CO,US
fl12h3r,2009-03-20,"The Georgia Theatre",Athens,GA,US
flk4400,1999-05-22,"Wilmers Park",Brandywine,MD,US
fm9zv5a,2005-02-08,"Mississippi Nights","St. Louis",MO,US
fn35jzs,2014-10-11,"The Fillmore Detroit",Detroit,MI,US
fp46uu9,2000-09-27,"Pearl Street",Northampton,MA,US
fp8mgva,2001-02-23,"Mangy Moose","Teton Village",WY,US
fpkck3t,2002-03-13,"The Cabooze",Minneapolis,MN,US
fpmbvgz,2001-05-04,"Music Farm",Charleston,SC,US
fr814b7,2004-04-23,"B.B. King Blues Club & Grill","New York",NY,US
frgene4,2004-09-16,"Northern Lights","Clifton Park",NY,US
ftdncfr,2015-11-14,"War Memorial Auditorium",Nashville,TN,US
fuieclg,2011-04-20,"The Classic Center Theatre",Athens,GA,US
fva2ois,2005-09-08,"Belly Up Tavern","Solana Beach",CA,US
fw0gndx,2009-06-06,"Mulberry Mountain",Ozark,AR,US
fw76tmn,2007-10-04,"The Rave",Milwaukee,WI,US
fwfmrjw,2013-03-04,"Telluride Conference Center","Mountain Village",CO,US
fwwwib9,1999-03-06,Zydeco,Birmingham,AL,US
fx6xl4w,2008-10-25,"The Joint at Hard Rock Hotel","Las Vegas",NV,US
fy3449o,2005-10-14,"Electric Factory",Philadelphia,PA,US
fyh72i1,2010-02-12,"Wiltern Theatre","Los Angeles",CA,US
fzk7tle,2014-07-03,"Plumas-Sierra County Fairgrounds",Quincy,CA,US
g0dnwoo,2016-02-02,"Telluride Conference Center","Mountain Village",CO,US
g0gxwd1,2009-10-07,"Sokol Auditorium",Omaha,NE,US
g1kiae0,2003-06-28,"Mountain Music Festival","Willow Creek",CA,US
g4vkbjz,2005-10-21,"Calvin Theatre",Northampton,MA,US
g6im523,2004-09-09,"The Orange Peel",Asheville,NC,US
g6khh7d,2015-07-08,"Artpark Amphitheater",Lewiston,NY,US
g6re7kf,2004-03-30,"Mississippi Nights","St. Louis",MO,US
g7nai55,2003-06-05,"Higher Ground",Winooski,VT,US
g95xfp5,2005-04-24,"Richard's on Richards",Vancouver,BC,CA
g9ebx66,2007-06-15,Bonnaroo,Manchester,TN,US
ga50leu,2016-01-22,"McDonald Theatre",Eugene,OR,US
gbm60wb,2003-10-10,Roxy,"New York",NY,US
gbs8hsf,2003-10-04,Deerfields,"Horse Shoe",NC,US
gc99pon,2000-09-22,Ziggy's,"Winston Salem",NC,US
gcdnrws,2012-11-01,"House of Blues",Boston,MA,US
gcfkfex,2005-04-16,"The Warfield","San Francisco",CA,US
gcok5sp,2005-06-10,"Great Stage Park",Manchester,TN,US
ge4gfd3,2008-07-12,"Westfair Amphitheater","Council Bluffs",IA,US
gef23l1,2002-08-17,Deerfields,"Horse Shoe",NC,US
geo2sf5,2000-04-07,"The Georgia Theatre",Athens,GA,US
ggqok6q,2006-04-28,"Starland Ballroom",Sayreville,NJ,US
gh8alke,2015-09-11,"Red Rocks Amphitheatre",Morrison,CO,US
ghx155r,2010-12-29,"Fillmore Auditorium",Denver,CO,US
gidd1ao,2012-12-29,"Fillmore Auditorium",Denver,CO,US
gikd94f,2005-02-18,"Irving Plaza","New York",NY,US
giy7h82,2007-09-20,"Clutch Cargo's",Pontiac,MI,US
gj7y2jv,2006-04-09,"Marquee Theatre",Tempe,AZ,US
gkt18c0,2003-12-06,"Belly Up Tavern","Solana Beach",CA,US
glgd1zh,2006-02-08,"Barrymore Theatre",Madison,WI,US
gljkyhm,2000-09-07,1215,Tuscaloosa,AL,US
gmfytc8,2015-03-06,"House of Blues",Chicago,IL,US
gmvwp8j,2007-04-17,"Varsity Theatre","Baton Rouge",LA,US
gnil0dw,2006-01-13,"The Fillmore","San Francisco",CA,US
gqa2pht,2016-01-21,"Roseland Theater",Portland,OR,US
gqhokzy,2009-08-21,Tabernacle,Atlanta,GA,US
gqt24o7,2017-09-22,"Legend Valley Concert Venue and Campground",Thornville,OH,US
gwoctji,2000-05-19,"Cotton Club",Atlanta,GA,US
gymazbq,2011-10-05,"Orbit Room","Grand Rapids",MI,US
gza4655,2010-02-20,"Showbox at the Market",Seattle,WA,US
h0bhy3x,2000-02-10,"Cow Haus",Tallahassee,FL,US
h2y04g8,2017-04-21,"The National",Richmond,VA,US
h35s5jg,2014-12-04,"Breathless Punta Cana Resort & Spa","Punta Caña",NULL,DR
h3t0v1z,2010-03-20,"The Pageant","St. Louis",MO,US
h4foph5,2007-04-19,"Alabama Theatre",Birmingham,AL,US
h4parin,2001-09-20,"State Theatre","Falls Church",VA,US
h76x1d8,2007-09-22,Sonar,Baltimore,MD,US
h7nodcr,1999-03-27,"University of Mississippi",Oxford,MS,US
h7y7yfm,2009-08-22,"Verizon Wireless Amphitheatre at Encore Park",Alpharetta,GA,US
h890yag,1999-04-06,"Peasant's Cafe",Greenville,NC,US
h9hhy3k,2004-01-15,"The Orange Peel",Asheville,NC,US
ha3mp9n,2011-11-04,"House of Blues","New Orleans",LA,US
ha9p9la,2017-04-26,"The Lyric Theatre",Oxford,MS,US
hcfj9gx,2005-04-30,Sonotheque,Chicago,IL,US
hdk6ef4,2004-05-01,TwiRoPa,"New Orleans",LA,US
heljxe9,2011-10-22,"Best Buy Theater","New York",NY,US
hfnz6hl,2013-04-11,"First Avenue",Minneapolis,MN,US
hifg4tj,2007-10-03,"Newport Music Hall",Columbus,OH,US
hjurguo,2011-01-20,"Mayan Holidaze",Tulum,ROO,MX
hl0w95f,2001-06-17,"Family Affair Festival","Port Orford",OR,US
hm14h4o,2004-06-24,"Fox Theatre",Boulder,CO,US
hm6r9cc,2011-04-22,"The Pageant","St. Louis",MO,US
hqzvapq,2000-05-10,Cumberland's,Charleston,SC,US
hr30ku4,2002-04-14,"Blue Cats",Knoxville,TN,US
hr86d5k,2006-09-14,"The Rave",Milwaukee,WI,US
hrdukmq,2013-03-20,"Music Farm",Charleston,SC,US
hs08lgq,2013-04-17,"Higher Ground Music Hall","South Burlington",VT,US
ht4biyd,2014-04-26,"Kingston Downs",Rome,GA,US
hty2ddf,2006-02-09,"The Rave",Milwaukee,WI,US
hvqdklv,2008-07-10,"Willow Island @ Alliant Energy Center",Madison,WI,US
hw7if9k,2017-01-20,"Wiltern Theatre","Los Angeles",CA,US
hw7t5k1,2011-06-11,"Great Stage Park",Manchester,TN,US
hwy0g96,2015-12-06,"Breathless Punta Cana Resort & Spa","Punta Cana",NULL,DR
hx851qz,2001-07-13,"House of Blues","Los Angeles",CA,US
hxezmgn,2015-06-12,"Great Stage Park",Manchester,TN,US
hyzt1mo,2001-10-17,"Aggie Theatre","Fort Collins",CO,US
hzv23t7,1999-07-01,"Festival Site","Bear Valley",CA,US
i0hx2ou,2007-09-26,"Calvin Theatre",Northampton,MA,US
i14ytx2,2003-03-29,"Tractor Tavern",Seattle,WA,US
i1810ti,2007-08-18,"Indian Lookout Country Club",Mariaville,NY,US
i1ndw12,2005-09-20,"The Catalyst","Santa Cruz",CA,US
i2btjun,2004-04-14,"Blue Cats",Knoxville,TN,US
i2upabe,2000-09-06,Yianni's,Tallahassee,FL,US
i2v92jc,2001-03-15,"Aggie Theatre","Fort Collins",CO,US
i4a39wo,2010-09-04,"The Anchor Inn",Omaha,NE,US
i8breay,2008-11-02,"House of Blues","New Orleans",LA,US
i9oc7bg,2016-10-28,"Oak Mountain Amphitheatre",Pelham,AL,US
ibawhxg,2004-04-21,"The Roxy",Boston,MA,US
ibree7o,2000-03-29,"Wetlands Preserve","New York",NY,US
icu0sp8,2005-04-07,"Gypsy Tea Room",Dallas,TX,US
ie19jjc,2013-12-30,Tabernacle,Atlanta,GA,US
ieb5ssn,2014-07-13,"Chalice California","San Bernardino",CA,US
ieseo03,2000-11-08,"Silva Concert Hall",Eugene,OR,US
if90nw9,2017-04-06,"Harrah's Lake Tahoe",Stateline,NV,US
ifex20l,2012-06-21,"Horning's Hideout","North Plains",OR,US
iflxtpb,2015-03-14,"Joy Theater","New Orleans",LA,US
ig2gci8,1999-10-21,"Variety Playhouse",Atlanta,GA,US
ig5c3jm,2001-09-01,"Van Hoy Campground","Union Grove",NC,US
ih2jl9o,2005-07-28,"Riverfront Park",Nashville,TN,US
iime190,2010-03-10,"Music Farm",Charleston,SC,US
ij52cjc,2002-09-05,"Music Farm",Charleston,SC,US
ildwxj3,2005-04-21,Showbox,Seattle,WA,US
imgvukj,2013-05-25,"Three Sisters Park",Chillicothe,IL,US
ip2es7c,2017-09-23,"Ritz Theater",Raleigh,NC,US
ip4g3sf,2012-10-24,"Ryman Auditorium",Nashville,TN,US
ipzowkp,2005-01-28,"The Catalyst","Santa Cruz",CA,US
iqzytcr,2017-09-24,"Atlanta Motor Speedway",Hampton,GA,US
ir2li72,2009-01-27,"Fox Theatre",Boulder,CO,US
ir4cz1c,2001-03-13,"The Cabooze",Minneapolis,MN,US
ir7kdzv,2017-04-18,"Stage AE",Pittsburgh,PA,US
is85ap4,2001-04-11,"Victoria Street Theater","Santa Barbara",CA,US
iuu38z2,2002-05-23,CAY,Tokyo,NULL,JP
iuvqd0v,2000-02-27,Winston's,"San Diego",CA,US
iv1m7sh,2000-11-15,"Audie's Olympic/Club Fred",Fresno,CA,US
iw0sl0m,2010-08-15,"Rams Head Live!",Baltimore,MD,US
iwykv2b,2002-10-31,"The Roxy",Atlanta,GA,US
ix4jnpw,2008-07-17,"Lifestyle Communities Pavilion",Columbus,OH,US
ixjq43f,2000-09-12,"Brother's Bar",Jacksonville,AL,US
ixrb0zu,2007-05-27,"Penn's Landing Great Plaza",Philadelphia,PA,US
iytg935,2005-01-29,"The Catalyst","Santa Cruz",CA,US
iz5i8bg,2000-02-29,"Humpty´s Cafe","Tahoe City",CA,US
izbfpmh,2001-04-19,"Legends Club at Appalachian State University",Boone,NC,US
izz1xzq,2005-02-11,"House of Blues",Chicago,IL,US
j00j449,2002-09-21,"Fairfax County Park",Fairfax,VA,US
j2tr2mp,2006-09-12,"Granada Theater",Lawrence,KS,US
j377pvu,2017-10-01,"The NorVa",Norfolk,VA,US
j4088jz,2008-01-18,Showbox,Seattle,WA,US
j4bdbka,2008-08-23,Showbox,Seattle,WA,US
j673owm,2006-04-15,"House of Blues","New Orleans",LA,US
j6b74n5,2017-09-28,"The Palladium",Worcester,MA,US
j7txov8,2007-04-29,"Tipitina's Uptown","New Orleans",LA,US
j87em6r,2015-11-11,"The Fillmore",Charlotte,NC,US
j97br4c,2014-11-08,"Austin Music Hall",Austin,TX,US
ja48x0o,2002-09-07,"The Georgia Theatre",Athens,GA,US
jacv5z7,1999-11-17,Starlight,"Fort Collins",CO,US
jc5z2tv,2012-10-26,"Fox Theater",Atlanta,GA,US
jciwgwm,2002-03-04,"Harry O's","Park City",UT,US
jifa52x,2010-02-25,"The Depot","Salt Lake City",UT,US
jjfdyyh,2009-01-26,"Bluebird Theater",Denver,CO,US
jjpgktq,2013-10-27,"Downtown Las Vegas Fremont Street","Las Vegas",NV,US
jnf29uz,2002-04-03,Ziggy's,"Winston Salem",NC,US
jnstk8k,2007-12-29,Tabernacle,Atlanta,GA,US
jo5pieq,2018-03-02,"Sunshine Grove",Okeechobee,FL,US
jokytfr,2011-10-29,"Civic Center",Asheville,NC,US
jopotmq,2016-09-09,"Red Rocks Amphitheatre",Morrison,CO,US
jots3f9,2007-02-20,"MontBleu Theatre",Stateline,NV,US
jowv0k3,1999-06-22,"Sonny's Bar",Albuquerque,NM,US
joypxn1,2003-04-04,"Zephyr Club","Salt Lake City",UT,US
jqa3mtx,2011-08-12,"House of Blues","San Diego",CA,US
jqvpi6q,2006-04-24,"Visulite Theatre",Charlotte,NC,US
jrgogpj,1999-04-17,"George Street Grocery",Oxford,MS,US
jsb9f8s,2000-11-07,"Sit N' Spin",Seattle,WA,US
jsv4x8g,2011-03-25,"Bicentennial Park",Miami,FL,US
jul8wni,2015-03-21,"The Georgia Theatre",Athens,GA,US
jupcstp,2014-11-05,"George's Majestic Lounge",Fayetteville,AR,US
jv0w4qu,2001-07-07,"Plumas-Sierra County Fairgrounds",Quincy,CA,US
jvvw0zi,2000-09-23,"Metrolina Expo",Charlotte,NC,US
jxgmll2,2004-04-28,"Music Farm",Charleston,SC,US
jyl211j,2008-01-20,"Roseland Theater",Portland,OR,US
jyqmi45,2017-12-01,"Breathless Punta Cana Resort & Spa","Punta Cana",NULL,DR
jytuo8v,2000-02-16,"Proud Larry's",Oxford,MS,US
jz6wd8j,2005-10-12,"The NorVa",Norfolk,VA,US
k1g1whv,2006-09-20,"Bijou Theatre",Knoxville,TN,US
k1o4ozx,2006-09-21,"The NorVa",Norfolk,VA,US
k1xg4gg,2001-04-09,"Northwestern University",Evanston,IL,US
k39mfv9,2007-12-31,Tabernacle,Atlanta,GA,US
k4nnu0h,2014-10-18,"Tower Theatre","Upper Darby",PA,US
k5zt92y,2002-03-08,"Fillmore Auditorium",Denver,CO,US
k7crtgp,2017-10-03,"The Mill & Mine",Knoxville,TN,US
k7zmwen,2006-04-21,"The Orange Peel",Asheville,NC,US
k8fkxcq,2015-11-15,"Music Farm",Columbia,SC,US
k9so6p6,2013-03-13,"Liberty Hall",Lawrence,KS,US
ka7gkmu,2002-04-20,"The Patio",Indianapolis,IN,US
kaindmt,2003-10-08,Avalon,Boston,MA,US
kaopmbb,2014-10-21,"9:30 Club",Washington,DC,US
kbrzjdq,2011-06-04,"Mulberry Mountain",Ozark,AR,US
kcplfnq,2006-01-25,"The Big Easy",Boise,ID,US
kdx6pf0,2002-02-28,"Belly Up Tavern","Solana Beach",CA,US
kdzgw3c,2007-08-04,"Grant Park",Chicago,IL,US
kexppf6,2006-08-27,"Charlottesville Pavilion",Charlottesville,VA,US
kf8ct8d,2005-12-31,Tabernacle,Atlanta,GA,US
kfsrmx6,2013-03-21,"The Georgia Theatre",Athens,GA,US
kg8zfsg,2012-08-31,"Union Park",Chicago,IL,US
kimb1ja,2006-05-06,"Saint Andrew's Hall",Detroit,MI,US
kjami3m,2011-10-20,"House of Blues",Boston,MA,US
kks1nnu,2007-12-28,Tabernacle,Atlanta,GA,US
klmy2p4,2015-12-04,"Breathless Punta Cana Resort & Spa","Punta Cana",NULL,DR
kmm9icj,2003-06-20,"Mishawaka Amphitheatre",Bellvue,CO,US
kn48ggs,2011-10-21,"Electric Factory",Philadelphia,PA,US
knxhe0f,2002-08-09,"Butternut Basin Ski Area","Great Barrington",MA,US
kq2numc,2011-05-27,"Three Sisters Park",Chillicothe,IL,US
kq6jzpe,2004-04-13,"Newport Music Hall",Columbus,OH,US
kr37c6k,2017-04-01,"Brooklyn Bowl","Las Vegas",NV,US
kr4oozv,2015-07-16,"Montage Mountain Performing Arts Center",Scranton,PA,US
kte2y2r,2008-08-16,"Greek Theatre",Berkeley,CA,US
ktmitm6,2007-09-18,"Liberty Hall",Lawrence,KS,US
ktqkrbj,2001-04-04,"Music Farm",Charleston,SC,US
kua8dn6,2008-07-15,"Moonlite Gardens at Coney Island",Cincinnati,OH,US
kuuunma,2005-02-03,"Snowmass Town Park","Snowmass Village",CO,US
kveojro,2001-07-25,"Fez Ballroom",Portland,OR,US
kvf73xl,2006-01-19,"McDonald Theatre",Eugene,OR,US
kvtlsox,2002-04-24,Trees,Dallas,TX,US
kvxzl3z,2011-07-14,"Marvin's Mountaintop",Masontown,WV,US
kvzq4wg,2005-02-01,Suede,"Park City",UT,US
kw4ext1,2002-08-10,"Butternut Basin Ski Area","Great Barrington",MA,US
kx0r96t,2007-02-14,"The Catalyst","Santa Cruz",CA,US
kx37sx4,2002-04-18,"Royal Oak Music Theatre","Royal Oak",MI,US
kxgmy5e,2005-05-11,"DNA Lounge","San Francisco",CA,US
kxvf63k,2014-09-06,"Red Rocks Amphitheatre",Morrison,CO,US
kyjypkp,2002-07-19,"Mishawaka Amphitheatre",Bellvue,CO,US
kyn2cqo,2013-04-26,Revolution,"Fort Lauderdale",FL,US
kzbvd8n,2002-05-25,"Hakonomori Play Park",Shiobaru,NULL,JP
l2334uz,2006-01-23,Suede,"Park City",UT,US
l3ti138,2015-11-12,"Ritz Theater",Raleigh,NC,US
l63vbs1,2001-10-10,Bogart's,Cincinnati,OH,US
l6tn324,2000-04-08,"University of Alabama",Tuscaloosa,AL,US
l7rxixc,2002-07-05,"Plumas-Sierra County Fairgrounds",Quincy,CA,US
l7tyybo,2007-04-24,"The Blue Note",Columbia,MO,US
l91og75,2001-07-26,Graceland,Seattle,WA,US
l9bjt2n,2000-10-28,"The Tulagi",Boulder,CO,US
l9qfn4c,2009-07-11,"Marvin's Mountaintop",Masontown,WV,US
laai603,1998-06-28,"Smith's Olde Bar",Atlanta,GA,US
lb63at1,2002-04-11,"Tremont Music Hall",Charlotte,NC,US
lc1a2te,1999-01-01,"Smith's Olde Bar",Atlanta,GA,US
lc7dm6d,2003-09-18,"The Grand Ballroom at the Regency Center","San Francisco",CA,US
lceeawd,2015-12-31,Tabernacle,Atlanta,GA,US
lctrsz3,2002-09-06,"The Georgia Theatre",Athens,GA,US
ldca6lj,2005-04-13,"4th & B","San Diego",CA,US
le5oka4,2004-01-31,"Fillmore Auditorium",Denver,CO,US
le8rggj,2006-12-29,Tabernacle,Atlanta,GA,US
lhbf6z3,2015-06-06,"Mulberry Mountain",Ozark,AR,US
lhddl29,2004-03-06,"Hollywood ArtsPark at Young Circle",Hollywood,FL,US
lidqfhb,2002-09-12,"State Theatre","Falls Church",VA,US
liw0zvx,2016-09-10,"Red Rocks Amphitheatre",Morrison,CO,US
lkv3zqi,2000-06-24,"Seaside Park",Bridgeport,CT,US
llllrpx,2014-11-21,"Wiltern Theatre","Los Angeles",CA,US
lm76qvf,2004-09-05,"Newport Music Hall",Columbus,OH,US
ln7afd6,2000-04-20,Ziggy's,"Winston Salem",NC,US
lnugwhi,2017-06-29,"Plumas-Sierra County Fairgrounds",Quincy,CA,US
lodn4nx,2012-12-21,"Mayan Holidaze",Tulum,ROO,MX
logbven,2011-06-03,"Mulberry Mountain",Ozark,AR,US
lov3eds,2000-09-26,"Higher Ground",Winooski,VT,US
lpzr557,2001-09-15,"Music Farm",Charleston,SC,US
lq2vt5j,2005-02-14,Bogart's,Cincinnati,OH,US
lqnnqte,2000-02-20,Mango's,Austin,TX,US
lrpdo49,2005-02-12,"House of Blues",Chicago,IL,US
lsz5gb6,2001-06-17,"Family Affair Festival","Port Orford",OR,US
lt5babl,2013-02-28,"MontBleu Theatre",Stateline,NV,US
lu7xfiy,2004-09-04,"Eagles Club",Milwaukee,WI,US
lv1b3ug,2007-09-06,"Ogden Theatre",Denver,CO,US
lvk7avr,2004-04-10,"Saint Andrew's Hall",Detroit,MI,US
lw2opdm,2000-10-06,Nietzsche's,Buffalo,NY,US
lwogf7l,2000-11-10,"Wild Duck Inn",Eugene,OR,US
lx2d2kd,2002-04-02,"Cat's Cradle",Carrboro,NC,US
lzhnabk,2003-07-13,"Stern Grove","San Francisco",CA,US
lzjotzl,2001-05-22,"The Patio",Indianapolis,IN,US
m1rjqll,2011-08-11,"House of Blues","Los Angeles",CA,US
m3twbvy,2006-09-26,"Water Street Music Hall",Rochester,NY,US
m4zmj8i,2011-10-01,"Liberty Hall",Lawrence,KS,US
m56cgzy,2001-04-25,"Cow Haus",Tallahassee,FL,US
m5aydmr,2013-08-22,"Chesterfield Amphitheater",Chesterfield,MO,US
m65zcnc,2003-02-28,"9:30 Club",Washington,DC,US
m7154ox,2009-10-06,"Liberty Hall",Lawrence,KS,US
m75sj67,2000-04-15,"University of Alabama",Tuscaloosa,AL,US
m8swtgx,2000-09-01,Zydeco,Birmingham,AL,US
m95sjen,1999-10-12,"Variety Playhouse",Atlanta,GA,US
malk2az,2004-08-29,"The Blue Note",Columbia,MO,US
maxie34,2005-02-17,"The Theatre of Living Arts",Philadelphia,PA,US
mb965u0,2003-02-07,"The Orange Peel",Asheville,NC,US
me61fo4,2008-08-15,"The Independent","San Francisco",CA,US
mekyre9,2004-10-09,"Indian Springs Casino","Indian Springs",NV,US
mgb54ar,2001-05-17,"Northwestern University",Evanston,IL,US
mgxlpiq,2001-09-28,"State Theatre",Portland,ME,US
mhb0yvo,2004-08-27,"Stubb's Bar-B-Q",Austin,TX,US
mhtz753,2014-08-09,"Pimlico Racetrack",Baltimore,MD,US
mikehth,2000-08-26,"Justice League","San Francisco",CA,US
miq1ys4,2004-08-30,"Royal Grove",Lincoln,NE,US
mjrbu2g,2011-10-26,"State Theatre","State College",PA,US
mkajy22,2005-07-23,"House of Blues",Chicago,IL,US
mlgwl8a,2003-03-14,"The Warfield","San Francisco",CA,US
mmeviq5,2016-05-27,"Three Sisters Park",Chillicothe,IL,US
mnezivf,1999-09-29,Newby's,Memphis,TN,US
mo2vriv,2004-09-11,"The Georgia Theatre",Athens,GA,US
mpseuqq,2017-12-30,"The Warfield","San Francisco",CA,US
mptp31n,2000-03-23,"Schubas Tavern",Chicago,IL,US
mq7f72e,2009-07-01,"Henry Maier Festival Park",Milwaukee,WI,US
mqkoyfy,2002-03-01,"House of Blues","West Hollywood",CA,US
mtoumb4,2004-09-02,"Willow Island @ Alliant Energy Center",Madison,WI,US
mur5462,2001-04-06,"Berbati's Pan",Portland,OR,US
mxp476i,2005-09-09,"House of Blues",Anaheim,CA,US
mxzbadk,2013-03-08,"House of Blues",Dallas,TX,US
myqs9zc,2015-03-07,"House of Blues",Chicago,IL,US
n00p5y6,2001-10-04,"Club Laga",Pittsburgh,PA,US
n19rsc9,2015-10-25,"Town Ballroom",Buffalo,NY,US
n2s0kdp,2003-02-11,"The Library",Oxford,MS,US
n2zei2a,2001-08-12,"Butternut Basin Ski Area","Great Barrington",MA,US
n5nmfxj,2016-06-24,"Double JJ Ranch",Rothbury,MI,US
n69p431,2000-03-26,Nietzsche's,Buffalo,NY,US
n6e8b59,2008-02-01,"Congress Theater",Chicago,IL,US
n6k9m44,2007-02-23,Showbox,Seattle,WA,US
n7l36mi,2002-03-06,"Wilma Theatre",Missoula,MT,US
n8dayl1,2000-11-18,"Maritime Hall","San Francisco",CA,US
n97give,2002-11-02,"The Orange Peel",Asheville,NC,US
na4c86n,2001-10-20,"Bluebird Theater",Denver,CO,US
nb4rrnx,2002-10-25,"House of Blues",Chicago,IL,US
nb9hqfp,2005-07-02,"Nelson Ledges Quarry Park",Garrettsville,OH,US
nbfy3p5,2009-12-30,"Wells Fargo Theatre",Denver,CO,US
ncgz2zg,2013-08-15,"Louisville Palace Theatre",Louisville,KY,US
ncv99f4,2015-07-12,"Chalice California","San Bernardino",CA,US
ng8hmm4,2005-02-21,"Higher Ground Music Hall","South Burlington",VT,US
nh3ok5d,2011-06-25,"Horning's Hideout","North Plains",OR,US
nhbua2n,2013-03-05,"Telluride Conference Center","Mountain Village",CO,US
nhztwik,2000-11-17,Palookaville,"Santa Cruz",CA,US
ni54kkw,2011-08-14,"Golden Gate Park","San Francisco",CA,US
nic9ehm,2004-03-31,"Quest Club",Minneapolis,MN,US
nilus3b,2003-12-11,Showbox,Seattle,WA,US
nj3pnv1,2013-04-18,"Landmark Theatre",Syracuse,NY,US
nj76vo3,2008-12-28,Tabernacle,Atlanta,GA,US
nj89plv,2003-05-31,"9:30 Club",Washington,DC,US
nmlpyvw,1999-08-20,"Tune Town","Franklin Township",PA,US
nnhs141,2001-02-03,"The Fillmore","San Francisco",CA,US
nnxvw0x,2013-08-28,"Time Warner Cable  Uptown Amphitheater",Charlotte,NC,US
npifj20,2004-04-20,"Pearl Street",Northampton,MA,US
nqhmi5d,2017-01-21,"Wiltern Theatre","Los Angeles",CA,US
nrj91kt,2007-08-18,"Indian Lookout Country Club",Mariaville,NY,US
nruuvbf,2010-02-22,"Wilma Theatre",Missoula,MT,US
ns9zd6c,2017-04-04,"Park City Live","Park City",UT,US
ntwfzkk,2006-10-03,"The Georgia Theatre",Athens,GA,US
nvtcsho,2012-01-29,"Mayan Holidaze",Tulum,ROO,MX
nvx8wv6,2006-04-07,"House of Blues","San Diego",CA,US
nz4hzmg,2002-07-20,"The Tulagi",Boulder,CO,US
nzh344u,2008-09-20,"East Village","San Diego",CA,US
o1ntgtn,2001-05-03,"Asheville Music Zone",Asheville,NC,US
o2pqiul,2012-05-18,"The Hangout","Gulf Shores",AL,US
o62dmpd,2002-02-21,"Crystal Ballroom",Portland,OR,US
o7ubrv1,2002-04-01,"Starr Hill Music Hall",Charlottesville,VA,US
o8vr842,2003-06-17,"La Zona Rosa",Austin,TX,US
o951tdb,2009-07-25,"Red Rocks Amphitheatre",Morrison,CO,US
o9dzllx,2011-11-05,"House of Blues",Dallas,TX,US
o9nz4b5,2006-09-08,"Fox Theatre",Boulder,CO,US
oc40qsl,2016-11-09,"The NorVa",Norfolk,VA,US
odkt6g0,2005-02-26,"The NorVa",Norfolk,VA,US
odu9u1l,2004-03-29,"The Blue Note",Columbia,MO,US
of3rqd3,2001-02-24,"Mangy Moose","Teton Village",WY,US
ofbunlc,2003-03-28,"Boot Pub",Whistler,BC,CA
ofuqip9,2014-06-28,"Double JJ Ranch",Rothbury,MI,US
ogqx5ma,2003-02-23,"Club Laga",Pittsburgh,PA,US
ohad7hh,2007-03-15,"The Boulder Theatre",Boulder,CO,US
ojw2itk,2007-12-30,Tabernacle,Atlanta,GA,US
ok5wh35,2009-01-29,"Paradise Rock Club",Boston,MA,US
ok9gbky,2005-10-30,"House of Blues","Las Vegas",NV,US
okcd1vv,2006-04-22,"The Orange Peel",Asheville,NC,US
om8xlgy,2013-03-07,"Cain's Ballroom",Tulsa,OK,US
on2h3sx,2017-09-10,"Red Rocks Amphitheatre",Morrison,CO,US
on3ii5o,2012-10-30,"The National",Richmond,VA,US
onndybj,2007-02-04,"The Hut",Tucson,AZ,US
oo1e94a,1997-10-03,Unknown,Atlanta,GA,US
osg9xvn,2003-06-07,"Almost Heaven Campground",Forksville,PA,US
osnfqq9,2000-04-14,"Auburn University",Auburn,AL,US
otmrid6,1999-11-14,"Zocalo Room",Chico,CA,US
ou347ap,2005-10-31,"The Independent","San Francisco",CA,US
ou3bxwl,2001-07-14,"Belly Up Tavern","Solana Beach",CA,US
ouyv6k3,2006-03-21,"Melkweg Oude Zaal",Amsterdam,NULL,NL
ovardzi,2015-03-05,"House of Blues",Chicago,IL,US
ovazndc,1999-10-16,"Higher Ground",Winooski,VT,US
owh0mtl,2005-04-22,"Roseland Theater",Portland,OR,US
oww0vhc,2011-12-27,Tabernacle,Atlanta,GA,US
ox5ur3n,2017-12-04,"Breathless Punta Cana Resort & Spa","Punta Cana",NULL,DR
oxcuxgj,2004-09-03,"Vic Theatre",Chicago,IL,US
oxygw53,2005-02-07,"Granada Theater",Lawrence,KS,US
oyfl32y,2000-07-27,"Moe's Alley","Santa Cruz",CA,US
oygxy9i,2002-07-06,"Plumas-Sierra County Fairgrounds",Quincy,CA,US
p1chba0,2011-04-29,"Apache County Fairgrounds",Rockdale,TX,US
p1f7kcc,2016-01-29,"The Fox Theater",Oakland,CA,US
p1om3od,2002-03-29,"Irving Plaza","New York",NY,US
p1wbr0o,2017-10-07,"St. Augustine Amphitheatre","St. Augustine",FL,US
p2jbexi,2013-07-19,"Legend Valley Concert Venue and Campground",Thornville,OH,US
p368akl,2008-09-04,"The Boulder Theatre",Boulder,CO,US
p3j3q7p,2012-07-06,"Plumas-Sierra County Fairgrounds",Quincy,CA,US
p4ktfq9,2015-11-08,"The National",Richmond,VA,US
p4nqs14,2014-10-19,"House of Blues",Boston,MA,US
p5in7k1,2017-12-29,"The Warfield","San Francisco",CA,US
p6fc3b5,2003-02-25,"Higher Ground",Winooski,VT,US
p6h1779,2006-05-03,"Town Ballroom",Buffalo,NY,US
p6prokm,1999-03-20,"Discover Music",Lilburn,GA,US
p7wkr3k,2010-02-13,"The Fox Theater",Oakland,CA,US
pajqp30,2010-02-18,"Crystal Ballroom",Portland,OR,US
pc4tcfl,2008-01-17,Showbox,Seattle,WA,US
pfevyjd,2016-01-02,Tabernacle,Atlanta,GA,US
pgn6eqy,2017-04-19,"College Street Music Hall","New Haven",CT,US
ph0wrk6,2003-10-02,"Lincoln Theatre",Raleigh,NC,US
pi146wd,2015-04-10,"Carson Creek Ranch",Austin,TX,US
pi59gii,2000-03-10,"The Brickyard",Vancouver,BC,CA
pin7860,2013-12-17,"Mayan Holidaze",Tulum,ROO,MX
pj6kd2x,2011-10-15,"Water Street Music Hall",Rochester,NY,US
pkctd6r,2005-04-12,"Marquee Theatre",Tempe,AZ,US
pl8mmt3,2013-08-18,"Meadow Brook Music Festival","Rochester Hills",MI,US
pldf6z6,2008-01-30,"First Avenue",Minneapolis,MN,US
pm3k9ls,2000-01-27,"Amici Italian Cafe",Milledgeville,GA,US
pn75p3a,2012-06-30,"Double JJ Ranch",Rothbury,MI,US
po12wqp,2009-03-21,"The Georgia Theatre",Athens,GA,US
pow71hm,2016-02-13,"Aragon Ballroom",Chicago,IL,US
pqcrx3a,2001-09-26,"Odyssey Night Club",Ithaca,NY,US
prfg9r3,2017-04-15,"20 Monroe Live","Grand Rapids",MI,US
psjc84w,2006-01-15,"Crystal Bay Club Casino","Crystal Bay",NV,US
pta2ie3,2001-10-12,"The Annex",Madison,WI,US
pu3nfau,2002-04-12,"Asheville Music Zone",Asheville,NC,US
pv8y3jq,2008-07-26,"Bank of America Pavilion",Boston,MA,US
pve329a,2001-07-05,"Plumas-Sierra County Fairgrounds",Quincy,CA,US
pvwzqm5,2013-04-24,"Trustee's Theater",Savannah,GA,US
pwkf7ok,2007-03-10,"Markham Park",Sunrise,FL,US
px3k80g,2003-12-30,"The Grand Ballroom at the Regency Center","San Francisco",CA,US
pyh6z3w,2009-10-25,"Rams Head Live!",Baltimore,MD,US
pzyjvta,2012-12-30,"Fillmore Auditorium",Denver,CO,US
q01shtl,2006-02-07,"Fine Line Music Cafe",Minneapolis,MN,US
q0j2bn4,2001-09-14,Tabernacle,Atlanta,GA,US
q3r0dt0,1999-03-12,"Asheville Pizza & Brewery",Asheville,NC,US
q6zohsp,2001-10-18,"Fox Theatre",Boulder,CO,US
q7t5hng,2015-03-20,"The Georgia Theatre",Athens,GA,US
q89zpw1,2000-02-25,"Legends Lounge","Las Vegas",NV,US
q8bshyu,2000-09-18,"Black Mountain Music Hall","Black Mountain",NC,US
qaxattv,2004-03-27,"La Zona Rosa",Austin,TX,US
qb43o3a,2013-03-16,"Congress Theater",Chicago,IL,US
qbxcfub,2009-06-05,"Mulberry Mountain",Ozark,AR,US
qc1onsf,2000-12-22,"Visulite Theatre",Charlotte,NC,US
qcgvoy3,2005-09-07,"The Majestic Ventura Theater",Ventura,CA,US
qczmzfr,2017-04-13,"The Pageant","St. Louis",MO,US
qd1qt8u,2003-04-11,"House of Blues","West Hollywood",CA,US
qdp8sg6,2003-06-11,"House of Blues",Chicago,IL,US
qdykb8v,2000-08-31,"Proud Larry's",Oxford,MS,US
qf0bmgq,2015-11-05,"PlayStation Theater","New York",NY,US
qffu3vf,2007-08-24,"Shinsaibashi SUNHALL",Osaka,NULL,JP
qhodo21,2001-05-02,"Elbow Room",Columbia,SC,US
qkkaiqg,1999-01-06,"Red Lion Pub",Augusta,GA,US
qm2l86d,2015-03-13,"Mardi Gras World","New Orleans",LA,US
qmkwtz0,1998-07-25,"The Georgia Theatre",Athens,GA,US
qn5ea0x,2014-05-03,"Tom Lee Park",Memphis,TN,US
qozv341,2009-03-19,"The Georgia Theatre",Athens,GA,US
qpzmwe3,2016-10-29,"Spirit of the Suwannee Music Park","Live Oak",FL,US
qqgpbk3,2003-04-03,"Alpine Meadows Ski Area","Lake Tahoe",CA,US
qqtgspj,2013-12-19,"Mayan Holidaze",Tulum,ROO,MX
qrad3km,2001-07-21,"Tamarack Meadow","Bear Valley",CA,US
qs1n8m2,2008-05-23,"Three Sisters Park",Chillicothe,IL,US
qs4sy2a,2011-06-24,"Horning's Hideout","North Plains",OR,US
qs9e810,2015-01-02,"Fillmore Auditorium",Denver,CO,US
qskel35,2001-02-21,"Harry O's","Park City",UT,US
qslgvnm,2000-03-09,"Tractor Tavern",Seattle,WA,US
qv4hoq3,2011-10-19,"Higher Ground Music Hall","South Burlington",VT,US
qwo5v4s,2003-08-17,"Butternut Basin Ski Area","Great Barrington",MA,US
qyj0vq4,2000-10-25,Starlight,"Fort Collins",CO,US
qymphok,2007-04-13,Meridian,Houston,TX,US
r12tgbd,2008-09-05,"Red Rocks Amphitheatre",Morrison,CO,US
r199p0t,2003-12-04,"El Rey Theatre","Los Angeles",CA,US
r2srhft,2009-12-29,"Gates Concert Hall",Denver,CO,US
r3edwgc,2004-04-01,"The Rave",Milwaukee,WI,US
r4eyh8i,2016-08-07,"Pimlico Racetrack",Baltimore,MD,US
r61ne6y,2000-04-13,Bodega,Auburn,AL,US
r62ozah,2015-05-23,"Three Sisters Park",Chillicothe,IL,US
r63ztff,2006-03-20,"Melkweg Oude Zaal",Amsterdam,NULL,NL
r64r1pz,2001-04-07,"Sit N' Spin",Seattle,WA,US
r785mz8,2003-03-31,"Wilma Theatre",Missoula,MT,US
rbq1lm9,2009-08-07,"Grant Park",Chicago,IL,US
rc9vh1u,2012-01-14,"Fillmore Auditorium",Denver,CO,US
rd41v4l,2008-07-16,"Innsbrook Pavilion","Glen Allen",VA,US
rf1j0ik,2010-03-05,"Cain's Ballroom",Tulsa,OK,US
rgglnu3,2006-02-10,"House of Blues",Chicago,IL,US
rgzk7c8,2014-08-31,"House of Blues",Chicago,IL,US
riwmon8,2013-12-18,"Mayan Holidaze",Tulum,ROO,MX
rjbb1t6,2007-02-17,"House of Blues","West Hollywood",CA,US
rpfsnnv,2005-02-10,"Barrymore Theatre",Madison,WI,US
rrcsq2n,2005-05-14,"Fox Theatre",Boulder,CO,US
rs1h8zy,2006-01-18,"Historic Ashland Armory",Ashland,OR,US
rs34okh,2010-10-29,"Stubb's Bar-B-Q",Austin,TX,US
rt4pxds,2013-02-24,"Eureka Theater",Eureka,CA,US
ruz5mka,2004-09-13,"Recher Theatre",Towson,MD,US
rw28dms,2003-07-25,"Naeba Ski Resort",Yuzawa,NULL,JP
rw5ltah,2001-02-20,Unknown,"Salt Lake City",UT,US
rw80xt9,2006-04-30,"Northern Lights","Clifton Park",NY,US
rx1h8g5,2010-03-03,"George's Majestic Lounge",Fayetteville,AR,US
rzto2qp,2009-10-23,"Terminal 5","New York",NY,US
s0gxwxx,2011-12-29,Tabernacle,Atlanta,GA,US
s0n9jk5,2017-12-03,"Breathless Punta Cana Resort & Spa","Punta Cana",NULL,DR
s0qy1ao,2005-03-27,"The Masquerade",Tampa,FL,US
s2cm9jc,2011-10-08,"Egyptian Room at Old National Centre",Indianapolis,IN,US
s2owkp6,2005-03-31,"The Georgia Theatre",Athens,GA,US
s32qq7u,2009-03-13,"Congress Theater",Chicago,IL,US
s4la4jh,2015-07-18,"Pemberton Valley",Pemberton,BC,CA
s50cnn8,2009-07-24,"Fillmore Auditorium",Denver,CO,US
s7nb9j8,2011-09-03,"Union Park",Chicago,IL,US
samz7uy,2010-03-11,"Amos' Southend",Charlotte,NC,US
scsbdz2,2003-03-27,Atlantis,Vancouver,BC,CA
scyh2xz,2001-04-05,"Wild Duck Inn",Eugene,OR,US
sczch5g,1999-05-04,"Peasant's Cafe",Greenville,NC,US
sdsibrq,2009-02-26,"The Fillmore","San Francisco",CA,US
sflyj37,2013-03-22,"The Georgia Theatre",Athens,GA,US
sfsiv2j,2008-07-19,"House of Blues",Chicago,IL,US
sgsdbl1,2001-03-14,"Colorado Music Hall","Colorado Springs",CO,US
sh7gash,2013-02-21,"Crystal Ballroom",Portland,OR,US
sj1mzl7,2005-01-07,"Jam Cruise","Fort Lauderdale",FL,US
sl9po56,2004-09-19,"Red Rocks Amphitheatre",Morrison,CO,US
slbc8jq,2006-12-30,Tabernacle,Atlanta,GA,US
sloju14,2014-12-31,"Fillmore Auditorium",Denver,CO,US
smq7vae,1999-10-29,"The Georgia Theatre",Athens,GA,US
soc8k79,1999-09-15,"JJ Cagney's",Savannah,GA,US
sopacrn,2015-11-20,"Austin Music Hall",Austin,TX,US
spsnwrc,2015-03-22,"The Georgia Theatre",Athens,GA,US
sqctvme,2010-05-28,"Three Sisters Park",Chillicothe,IL,US
sqp4nma,2009-03-17,"The Orange Peel",Asheville,NC,US
ss8nj6q,2009-10-21,"The Klein Memorial Auditorium",Bridgeport,CT,US
ssgmgdm,1999-03-25,"Jack Legs",Nashville,TN,US
suhrhdz,2000-05-09,"Blue Note Cafe","Hilton Head Island",SC,US
suylt9g,2003-02-10,"Blue Cats",Knoxville,TN,US
svkpmbp,2005-08-16,"Legion Field",Athens,GA,US
svo73rc,2002-11-07,"Fox Theatre",Boulder,CO,US
sxwexzd,2011-10-31,"The Georgia Theatre",Athens,GA,US
t2pc55i,2011-08-06,"Kansas Speedway","Bonner Springs",KS,US
t33ylgd,2003-06-04,"Lupo's Heartbreak Hotel",Providence,RI,US
t3f64b5,2005-10-03,"Shibuya Club Quattro",Tokyo,NULL,JP
t3xvsrz,2009-01-16,"Wiltern Theatre","Los Angeles",CA,US
t41g0vo,2015-10-31,"The Fillmore Silver Spring","Silver Spring",MD,US
t4bo1qw,2007-09-15,Emo's,Austin,TX,US
t4u61vv,2008-07-24,"Roseland Ballroom","New York",NY,US
t5ady6f,2008-10-23,"House of Blues",Anaheim,CA,US
t5e10ro,2017-08-19,"Oregon Eclipse Festival",Prineville,OR,US
t63emjj,2015-01-03,"Fillmore Auditorium",Denver,CO,US
t6ebuif,2002-12-06,"The Catalyst","Santa Cruz",CA,US
t6lekvr,2000-08-05,Unknown,"Santa Barbara",CA,US
t79a2mi,2015-03-19,"The Georgia Theatre",Athens,GA,US
t7c95bp,2000-10-04,"Beehive Theater",Pittsburgh,PA,US
t8j6atd,2009-10-16,"Orbit Room","Grand Rapids",MI,US
t8ziib8,2005-02-19,"Irving Plaza","New York",NY,US
t9nyned,2005-10-08,"Hard Rock Cafe",Honolulu,HI,US
tb1iq4b,2009-12-31,"Wells Fargo Theatre",Denver,CO,US
tdwjpdj,2009-02-28,"The Fillmore","San Francisco",CA,US
teyr14x,2002-09-13,"The World","New York",NY,US
tfmgq63,1999-12-16,"Wetlands Preserve","New York",NY,US
tfvbe6i,2000-11-09,"Mt. Tabor Theater",Portland,OR,US
th1oia6,2009-10-31,"War Memorial Auditorium",Nashville,TN,US
thhln1v,2003-10-01,"Music Farm",Charleston,SC,US
tinv7xe,2013-03-09,"Mardi Gras World","New Orleans",LA,US
tj2gxs6,2003-11-12,"House of Blues",Chicago,IL,US
tjbi9ok,2013-03-14,"The Pageant","St. Louis",MO,US
tjnehzm,2013-04-27,"Jannus Live","St. Petersburg",FL,US
tlhu3ah,1999-11-12,"14 Below","Santa Monica",CA,US
tm2r23f,2006-01-27,"Fillmore Auditorium",Denver,CO,US
tojyxfi,2008-01-25,"Fillmore Auditorium",Denver,CO,US
tp0mybc,2006-09-09,"Red Rocks Amphitheatre",Morrison,CO,US
tp3801u,2006-09-23,"Electric Factory",Philadelphia,PA,US
tptgw02,2014-11-02,Tabernacle,Atlanta,GA,US
tq0a5zv,2009-03-07,"Roseland Theater",Portland,OR,US
tq0km7t,2011-12-30,Tabernacle,Atlanta,GA,US
tqrptbd,2009-10-14,"WL Lyons Brown Theater",Louisville,KY,US
tsyegn3,2003-02-14,Trees,Dallas,TX,US
tt1dc92,2000-02-23,"San Juan Room",Durango,CO,US
tthjtc2,2009-03-18,"The Orange Peel",Asheville,NC,US
tuas1mf,2010-03-14,"9:30 Club",Washington,DC,US
tv59rai,2010-08-13,"Bank of America Pavilion",Boston,MA,US
twjhqi8,2000-03-07,"Taylor's Bar and Grill",Eugene,OR,US
twq54sy,2006-04-20,"City Hall",Nashville,TN,US
txcxn2q,2001-04-21,"The Georgia Theatre",Athens,GA,US
txjmzld,2003-02-27,"Trocadero Theatre",Philadelphia,PA,US
txzhihu,2006-05-05,"Newport Music Hall",Columbus,OH,US
u0sxzr0,2004-04-08,"Water Street Music Hall",Rochester,NY,US
u1z5l10,2000-03-31,"The Middle East Upstairs",Cambridge,MA,US
u2jipea,2002-03-27,"Higher Ground",Winooski,VT,US
u2kuy4k,2006-10-02,"Charleston Music Hall",Charleston,SC,US
u347gzd,2006-10-28,"The Joint at Hard Rock Hotel","Las Vegas",NV,US
u5kbafi,2017-01-27,"ACL Live at The Moody Theater",Austin,TX,US
u5w0xfs,1999-10-22,"The Library",Valdosta,GA,US
u6crcec,2002-04-28,"Empire Polo Grounds",Indio,CA,US
u6peo0w,2007-12-01,"The Catalyst","Santa Cruz",CA,US
uai2o29,2007-09-21,"9:30 Club",Washington,DC,US
ubsjqwh,2004-04-25,"Lincoln Theatre",Raleigh,NC,US
ucixt0l,2002-03-05,"The Big Easy",Boise,ID,US
udwerm3,2005-10-15,"Nokia Theatre Times Square","New York",NY,US
ue59tiz,2003-12-31,"The Grand Ballroom at the Regency Center","San Francisco",CA,US
ueez419,2000-10-31,"Wilma Theatre",Missoula,MT,US
ug06ict,2013-03-17,"House of Blues",Chicago,IL,US
ug197tg,2013-08-25,"Red Hat Amphitheater",Raleigh,NC,US
ugbtu2m,2005-06-17,"Clinton Lake State Park",Lawrence,KS,US
ukn9auz,2000-09-30,"Wetlands Preserve","New York",NY,US
ukyxtdn,2002-03-03,"Hyatt Regency","Incline Village",NV,US
ul2t0av,2000-04-28,"University of Mississippi",Oxford,MS,US
uo9mc1v,2001-10-11,"The Annex",Madison,WI,US
uotvl2j,1999-09-03,"Music Farm",Charleston,SC,US
uouo71m,2002-04-19,"The Odeon",Cleveland,OH,US
upixz1u,2004-01-17,"The Georgia Theatre",Athens,GA,US
uq1ozxv,2001-12-28,"Gothic Theatre",Englewood,CO,US
urkmgt0,2002-11-06,"Fox Theatre",Boulder,CO,US
ut9caso,1999-04-10,"Smith's Olde Bar",Atlanta,GA,US
utftmz8,2003-04-01,"The Big Easy",Boise,ID,US
uts6ev2,2003-02-17,"The Canopy Club",Urbana,IL,US
uuidh4c,2002-12-30,"The Grand Ballroom at the Regency Center","San Francisco",CA,US
uvwvuzr,2004-07-23,"The Catalyst","Santa Cruz",CA,US
uwa74w5,2002-03-10,"Dobson Ice Arena",Vail,CO,US
ux2ycyr,2003-09-06,"Red Rocks Amphitheatre",Morrison,CO,US
v2d4jnl,2010-09-01,"Sloss Furnaces",Birmingham,AL,US
v35rcrc,2013-09-01,"Filene Center at Wolf Trap",Vienna,VA,US
v3yep27,2003-02-16,"Granada Theater",Lawrence,KS,US
v5ilggz,2009-10-03,"Zilker Park",Austin,TX,US
v5kopux,2015-05-22,"Three Sisters Park",Chillicothe,IL,US
v6y8p8y,2003-06-15,"Dave's on Dickson",Fayetteville,AR,US
v8to04n,2010-02-26,"House of Blues","Las Vegas",NV,US
v90tioe,2001-04-13,"El Rey Theatre","Los Angeles",CA,US
v9a9xqp,2001-07-28,"The Wise Hall and Lounge Hall",Vancouver,BC,CA
v9sx0g7,2016-12-02,"Breathless Punta Cana Resort & Spa","Punta Cana",NULL,DR
vaqb3af,2011-05-29,"Three Sisters Park",Chillicothe,IL,US
vc604t8,2001-10-19,"Fox Theatre",Boulder,CO,US
vcecjah,2007-06-16,"Great Stage Park",Manchester,TN,US
vcjqywb,2013-03-01,"The Fox Theater",Oakland,CA,US
vcmjmax,2008-07-25,"Festival Pier at Penn's Landing",Philadelphia,PA,US
vd8j6ak,2016-06-25,"Double JJ Ranch",Rothbury,MI,US
vddb759,2016-11-03,"War Memorial Auditorium",Nashville,TN,US
ve3x45g,2003-06-10,"Saint Andrew's Hall",Detroit,MI,US
veni377,2004-09-12,"The Orange Peel",Asheville,NC,US
vezmogk,2004-09-22,"Cat's Cradle",Carrboro,NC,US
vg4mf6y,2004-06-26,"Mishawaka Amphitheatre",Bellvue,CO,US
vh01yje,2004-06-23,"Fox Theatre",Boulder,CO,US
vi0j1nc,2011-05-20,"The Hangout","Gulf Shores",AL,US
vjn76pv,2017-04-28,"House of Blues",Houston,TX,US
vk7h228,2000-02-09,"The Side Bar",Gainesville,FL,US
vliruvb,2010-06-04,"Mulberry Mountain",Ozark,AR,US
vltf40f,2005-02-24,"Calvin Theatre",Northampton,MA,US
vmkiypa,1999-12-30,"Natural Mystic Coffee",Asheville,NC,US
vmmfiue,2010-02-14,"Grand Sierra Theatre",Reno,NV,US
vnutb92,2015-12-30,Tabernacle,Atlanta,GA,US
vog045b,2001-10-02,"Armory High",Syracuse,NY,US
vov8ohf,2004-07-01,"Plumas-Sierra County Fairgrounds",Quincy,CA,US
vq5wx5o,2009-10-30,"Alabama Theatre",Birmingham,AL,US
vqa2gym,2000-12-02,"Fais Do Do","Los Angeles",CA,US
vqd4jqa,2013-08-16,"The Lawn at White River State Park",Indianapolis,IN,US
vrdvq7h,2000-09-15,"Campus Pub",Knoxville,TN,US
vvq2r3t,2008-01-29,"Sokol Auditorium",Omaha,NE,US
vvydeoi,2000-07-25,"Space 550","San Francisco",CA,US
vwkg5dr,1999-03-13,Pounder's,Tuscaloosa,AL,US
vwxhwad,2006-09-13,"The Canopy Club",Urbana,IL,US
vxvxeh2,2004-03-04,"The Masquerade",Tampa,FL,US
vz19i48,2013-03-24,"The Orange Peel",Asheville,NC,US
w0mt5j6,2002-04-09,"Culture Room","Fort Lauderdale",FL,US
w2v3ga7,2000-03-08,"Mt. Tabor Theater",Portland,OR,US
w6a0801,2008-01-26,"Fillmore Auditorium",Denver,CO,US
w6qbzrb,2006-10-07,"House of Blues","Lake Buena Vista",FL,US
w76yl18,2007-05-26,"Electric Factory",Philadelphia,PA,US
w8oz9kf,2009-10-10,"Egyptian Room at the Murat Centre",Indianapolis,IN,US
w9ncx7d,2001-04-26,Gallette's,Tuscaloosa,AL,US
wa5mjnk,2005-04-02,"The Georgia Theatre",Athens,GA,US
wb20wb0,1999-01-13,"Red Lion Pub",Augusta,GA,US
wbsznfj,2000-03-27,Milestones,Rochester,NY,US
wbujcwo,2004-09-18,"Irving Plaza","New York",NY,US
wbxw323,2009-07-03,"Double JJ Ranch",Rothbury,MI,US
wcbzbh4,2000-09-16,"The Roxy",Atlanta,GA,US
wcdfvei,2011-09-10,"Red Rocks Amphitheatre",Morrison,CO,US
wdl87no,2010-07-03,"The Oxford Fairgrounds",Oxford,ME,US
wdtogn4,2017-04-03,"Park City Live","Park City",UT,US
wene4am,2003-03-01,"Irving Plaza","New York",NY,US
wi3wl6e,2000-07-01,"Plumas-Sierra County Fairgrounds",Quincy,CA,US
wi539ol,2004-10-28,Avalon,Hollywood,CA,US
wki9ezz,2014-06-06,"Mulberry Mountain",Ozark,AR,US
wksm1qt,2015-08-08,"Darrington Music Park",Darrington,WA,US
wkxao1y,2000-05-20,Zydeco,Birmingham,AL,US
wld88nx,2001-10-13,"The Cabooze",Minneapolis,MN,US
wlrg4su,2003-06-18,Trees,Dallas,TX,US
wqdrcsd,2004-10-30,"The Fillmore","San Francisco",CA,US
wr7harq,2011-08-26,"Stubb's Bar-B-Q",Austin,TX,US
wse9pik,2012-11-02,"Best Buy Theater","New York",NY,US
wtfom6j,2005-04-08,"La Zona Rosa",Austin,TX,US
wu0p9n0,2000-04-27,"University of Mississippi",Oxford,MS,US
wuxjueg,2001-03-17,"Fox Theatre",Boulder,CO,US
wv67ara,2001-06-02,"Nicollet Island Pavilion",Minneapolis,MN,US
wvg4hyb,2001-11-02,"The Fillmore","San Francisco",CA,US
wvkbe49,2009-10-24,"Electric Factory",Philadelphia,PA,US
wvxwint,2016-02-12,"The Pageant","St. Louis",MO,US
wx8rrnf,2015-10-29,"Lifestyle Communities Pavilion",Columbus,OH,US
x1nkfa7,1999-11-27,"Center Stage",Atlanta,GA,US
x1nqyqj,1998-04-18,"The Georgia Theatre",Athens,GA,US
x2957cd,2007-02-16,"House of Blues","San Diego",CA,US
x37yxe4,2000-09-19,"Black Mountain Music Hall","Black Mountain",NC,US
x5py7wv,2011-10-28,"The NorVa",Norfolk,VA,US
x5zy5yw,2002-03-15,"Barrymore Theatre",Madison,WI,US
x793m39,2006-06-09,"Sonoma County Fairgrounds","Santa Rosa",CA,US
x83pvr3,1999-03-19,"Monkey Barrel",Gainesville,GA,US
x9u40xw,2002-03-14,"Union Bar","Iowa City",IA,US
x9y8x52,2017-04-09,"Margaret T. Hance Park",Phoenix,AZ,US
xa4uwxo,2008-12-31,Tabernacle,Atlanta,GA,US
xacfdh4,2008-05-17,"House of Blues","West Hollywood",CA,US
xahgy3b,2005-04-15,"The Warfield","San Francisco",CA,US
xc716uy,2017-10-04,"The Mill & Mine",Knoxville,TN,US
xdnqpj3,2011-07-19,"TD Ameritrade Park",Omaha,NE,US
xfofvab,2015-11-07,"The Fillmore Philadelphia",Philadelphia,PA,US
xhvlovr,2017-04-20,"House of Blues",Boston,MA,US
xihrxvv,2003-02-06,"The Orange Peel",Asheville,NC,US
xizmk2w,2001-03-02,"Club 8150",Vail,CO,US
xj0sfuu,2009-03-12,"Orpheum Theatre",Madison,WI,US
xkgng29,2001-04-03,"Club West",Eureka,CA,US
xkoevmq,1999-11-13,"Mick's Lounge","San Francisco",CA,US
xn9byz8,2005-02-09,"The Rave",Milwaukee,WI,US
xnfkoo8,2000-11-16,"SLO Brewing Company","San Luis Obispo",CA,US
xnyhxgd,2005-08-13,"Red Rocks Amphitheatre",Morrison,CO,US
xqpx9ss,2011-09-02,"Congress Theater",Chicago,IL,US
xrhokx7,2000-08-30,"Young Avenue Deli",Memphis,TN,US
xrv9xc8,2006-12-31,Tabernacle,Atlanta,GA,US
xss5kha,2015-02-14,"Belly Up",Aspen,CO,US
xtw2uit,2005-10-07,"Hapa's Night Club",Kihei,HI,US
xvo4doe,2008-10-24,"Marquee Theatre",Tempe,AZ,US
xvshk4p,2013-09-06,"Red Rocks Amphitheatre",Morrison,CO,US
xvwirx2,1999-03-20,"Red Lion",Macon,GA,US
xvygydw,2001-02-02,"The Fillmore","San Francisco",CA,US
xw39hmu,2000-09-08,"Jack Legs",Nashville,TN,US
xw3b6xy,1999-11-10,Winston's,"San Diego",CA,US
xwb73lg,1999-11-11,"Legends Lounge","Las Vegas",NV,US
xxnpev1,2004-04-17,"Camp Hill Open Air Music Park","Camp Hill",AL,US
xyljgtf,2010-08-26,"Spirit of the Suwannee Music Park","Live Oak",FL,US
xz6huqy,2013-12-27,Tabernacle,Atlanta,GA,US
xz99h5e,2003-03-02,"The NorVa",Norfolk,VA,US
y2hmok2,2009-10-29,"Thomas Wolfe Auditorium",Asheville,NC,US
y2oit96,2001-05-26,"The Jamboree Campground","Black River Falls",WI,US
y3tnafk,2002-04-05,"The Georgia Theatre",Athens,GA,US
y44njt5,2017-08-20,"Oregon Eclipse Festival",Prineville,OR,US
y4mrovt,2014-11-01,Tabernacle,Atlanta,GA,US
y4myeny,2002-04-21,"The Canopy Club",Urbana,IL,US
y4q3pq5,2011-09-30,"Riverside Theater",Milwaukee,WI,US
y4zgv65,2000-07-06,"Wild Duck Inn",Eugene,OR,US
y6p1phd,2016-08-14,Unknown,Bellingham,WA,US
y6uhkez,2004-01-16,"The Georgia Theatre",Athens,GA,US
y6v05ne,2016-10-20,"Skyway Theatre",Minneapolis,MN,US
y74ckwr,2010-08-14,"Festival Pier at Penn's Landing",Philadelphia,PA,US
y7j8b51,2004-04-22,"Trocadero Theatre",Philadelphia,PA,US
y94yff0,2014-11-04,"The Lyric Theatre",Oxford,MS,US
y9f1dg9,2006-01-20,"Roseland Theater",Portland,OR,US
yatl1h1,2016-10-31,"The Georgia Theatre",Athens,GA,US
yd070a5,2012-11-03,"Best Buy Theater","New York",NY,US
yd0p11f,2005-02-05,"Fox Theatre",Boulder,CO,US
ydij621,2013-08-17,"FirstMerit Bank Pavilion at Northerly Island",Chicago,IL,US
ye1xw9z,2012-12-31,"Fillmore Auditorium",Denver,CO,US
yexd4qo,2001-09-12,"The Library",Oxford,MS,US
yezcdbo,2011-10-27,"The Fillmore Silver Spring","Silver Spring",MD,US
ygjfpa4,2004-10-31,"The Fillmore","San Francisco",CA,US
ygxrkvb,2000-03-13,"140 West",Missoula,MT,US
yiksf3o,2007-08-23,"THE BOTTOM LINE",Nagoya,NULL,JP
ylidh8z,2016-12-01,"Breathless Punta Cana Resort & Spa","Punta Cana",NULL,DR
yn3o3h2,2001-11-07,"Tractor Tavern",Seattle,WA,US
ynelohg,2004-10-10,"Indian Springs Casino","Indian Springs",NV,US
yo44w45,2014-04-12,"Ford Park",Vail,CO,US
youmql5,2006-08-25,"Innsbrook Pavilion","Glen Allen",VA,US
ypl6pmy,1999-04-02,"Asheville Pizza & Brewery",Asheville,NC,US
ypufdry,1998-03-18,"The Georgia Theatre",Athens,GA,US
yqcmi0x,2010-02-28,"Rialto Theatre",Tucson,AZ,US
yqd7o0p,2004-09-24,"Mississippi Nights","St. Louis",MO,US
yqgfg8v,2007-03-13,"The Boulder Theatre",Boulder,CO,US
yqmccum,2015-09-10,"The Boulder Theatre",Boulder,CO,US
ytbvwjl,2011-11-02,"The Lyric Theatre",Oxford,MS,US
yu298ni,2008-11-08,"Tennessee Theatre",Knoxville,TN,US
yyuyl13,2000-07-19,"Mystic Hot Springs","Monroe Meadows",UT,US
yzsv48r,2000-03-18,Starlight,"Fort Collins",CO,US
z058lhe,2006-10-31,"The Warfield","San Francisco",CA,US
z0l17j1,2007-04-20,"The Pageant","St. Louis",MO,US
z2i910z,2011-01-23,"Mayan Holidaze",Tulum,ROO,MX
z2m2po6,2005-07-22,"Soo Pass Ranch","Detroit Lakes",MN,US
z3xah0n,2001-05-24,"Hutchinson Commons University of Chicago",Chicago,IL,US
z5uffd9,2015-07-09,"Berry Hill Farm","Summit Point",WV,US
z73wicx,2017-04-25,"Track 29",Chattanooga,TN,US
z78030j,2008-08-01,"Masquerade Music Park",Atlanta,GA,US
z9g43rh,2016-01-27,"The Depot","Salt Lake City",UT,US
z9uk4ft,2007-09-28,"Nokia Theatre Times Square","New York",NY,US
za71fwt,2005-03-23,"Shelbourne Beach Resort",Miami,FL,US
zac1j1o,2002-10-24,"Barrymore Theatre",Madison,WI,US
zb8d92q,2002-11-01,"The Roxy",Atlanta,GA,US
zcwhvyl,2001-10-09,"Bluebird Nightclub",Bloomington,IN,US
zdc2h4b,2002-03-28,"Somerville Theatre",Somerville,MA,US
zdzffoh,2006-08-26,"House of Blues","North Myrtle Beach",SC,US
zdzovtu,2000-03-30,"The Khyber",Philadelphia,PA,US
zf2t18f,2012-10-25,"The Fillmore",Charlotte,NC,US
zhsahel,2007-07-21,"Greek Theatre",Berkeley,CA,US
zip94lc,2003-10-06,"Higher Ground",Winooski,VT,US
zjekixs,2008-12-30,Tabernacle,Atlanta,GA,US
zkwa9l0,2006-04-06,"Galaxy Theatre","Santa Ana",CA,US
zl1sr5k,2000-02-22,"Sonny's Bar",Albuquerque,NM,US
zlz0oys,2003-06-06,"Irving Plaza","New York",NY,US
zneiqkz,2013-04-20,"Roseland Ballroom","New York",NY,US
znkrnhb,2005-10-22,"The Palladium",Worcester,MA,US
zoyb6qx,2002-09-27,"Engine Room",Houston,TX,US
zr2h48y,2003-02-21,"House of Blues",Chicago,IL,US
zsiz0k7,2005-09-10,"The Roxy","West Hollywood",CA,US
zsn22kq,2003-06-13,"Great Stage Park",Manchester,TN,US
zte5vm8,2011-10-13,"Tuscaloosa Amphitheatre",Tuscaloosa,AL,US
ztrrgnx,2018-01-30,"The Complex","Salt Lake City",UT,US
zunb1he,2008-10-26,"Orpheum Theater",Flagstaff,AZ,US
zuu3c5i,2002-07-18,"Mishawaka Amphitheatre",Bellvue,CO,US
zuvao1u,2010-12-31,"Fillmore Auditorium",Denver,CO,US
zwp8okd,2002-09-26,Trees,Dallas,TX,US
zwuaxwn,2011-06-26,"Horning's Hideout","North Plains",OR,US
zxos10p,1999-09-26,"House of Blues","New Orleans",LA,US
zzmzt70,2004-08-25,"Marquee Theatre",Tempe,AZ,US
